	feature-id	age	age_units	anonymized_name	body_habitat	body_product	body_site	cage_location	cage_number	collection_timestamp	description	diet	dna_extracted	dob	elevation	empo_1	empo_2	empo_3	env_biome	env_feature	env_material	env_package	expected_duration	exposure_start	exposure_type	genotype	geo_loc_name	host_common_name	host_scientific_name	host_subject_id	host_taxid	latitude	life_stage	longitude	mouse_number	physical_specimen_location	physical_specimen_remaining	qiita_empo_1	qiita_empo_2	qiita_empo_3	qiita_study_id	sample_type	scientific_name	sex	taxon_id	title	weekly_cage_food_consumption	weight	weight_units	org_index	exposure_type_encode
0	10422.25.F.10	14.5	weeks	25-F-10	UBERON:feces	UBERON:feces	UBERON:feces	On counter	7	2016-03-18 10:00	feces mouse 25 collection 10 of 13	HFD	True	12/8/16	193	Host-associated	Animal	Animal distal gut	urban biome	animal-associated habitat	feces	host-associated	6 weeks	2/16/16	Air	LDLR knockout	USA:CA:San Diego	mouse	Mus musculus	Mouse 25	10090	32.842	Adult	-117.258	25	UCSD LBR -80 freezer	True	Host-associated	Animal	Animal distal gut	10422	stool	mouse gut metagenome	male	410661	OSA	Missing: Not provided	27.8	g	10422.25.F.10	0
1	10422.29.F.13	16.0	weeks	29-F-13	UBERON:feces	UBERON:feces	UBERON:feces	On counter	8	2016-03-29 10:00	final feces mouse 29 collection 13 of 13	HFD	True	12/8/16	193	Host-associated	Animal	Animal distal gut	urban biome	animal-associated habitat	feces	host-associated	6 weeks	2/16/16	Air	LDLR knockout	USA:CA:San Diego	mouse	Mus musculus	Mouse 29	10090	32.842	Adult	-117.258	29	UCSD LBR -80 freezer	True	Host-associated	Animal	Animal distal gut	10422	stool	mouse gut metagenome	male	410661	OSA	94	32.6	g	10422.29.F.13	0
2	10422.25.F.13	16.0	weeks	25-F-13	UBERON:feces	UBERON:feces	UBERON:feces	On counter	7	2016-03-29 10:00	final feces mouse 25 collection 13 of 13	HFD	True	12/8/16	193	Host-associated	Animal	Animal distal gut	urban biome	animal-associated habitat	feces	host-associated	6 weeks	2/16/16	Air	LDLR knockout	USA:CA:San Diego	mouse	Mus musculus	Mouse 25	10090	32.842	Adult	-117.258	25	UCSD LBR -80 freezer	True	Host-associated	Animal	Animal distal gut	10422	stool	mouse gut metagenome	male	410661	OSA	89.8	28.7	g	10422.25.F.13	0
3	10422.26.F.6	12.5	weeks	26-F-6	UBERON:feces	UBERON:feces	UBERON:feces	On counter	7	2016-03-04 10:00	feces mouse 26 collection 6 of 13	HFD	True	12/8/16	193	Host-associated	Animal	Animal distal gut	urban biome	animal-associated habitat	feces	host-associated	6 weeks	2/16/16	Air	LDLR knockout	USA:CA:San Diego	mouse	Mus musculus	Mouse 26	10090	32.842	Adult	-117.258	26	UCSD LBR -80 freezer	True	Host-associated	Animal	Animal distal gut	10422	stool	mouse gut metagenome	male	410661	OSA	Missing: Not provided	27.0	g	10422.26.F.6	0
4	10422.25.F.8	13.5	weeks	25-F-8	UBERON:feces	UBERON:feces	UBERON:feces	On counter	7	2016-03-11 10:00	feces mouse 25 collection 8 of 13	HFD	True	12/8/16	193	Host-associated	Animal	Animal distal gut	urban biome	animal-associated habitat	feces	host-associated	6 weeks	2/16/16	Air	LDLR knockout	USA:CA:San Diego	mouse	Mus musculus	Mouse 25	10090	32.842	Adult	-117.258	25	UCSD LBR -80 freezer	True	Host-associated	Animal	Animal distal gut	10422	stool	mouse gut metagenome	male	410661	OSA	Missing: Not provided	26.9	g	10422.25.F.8	0
5	10422.26.F.7	13.0	weeks	26-F-7	UBERON:feces	UBERON:feces	UBERON:feces	On counter	7	2016-03-08 10:00	feces mouse 26 collection 7 of 13	HFD	True	12/8/16	193	Host-associated	Animal	Animal distal gut	urban biome	animal-associated habitat	feces	host-associated	6 weeks	2/16/16	Air	LDLR knockout	USA:CA:San Diego	mouse	Mus musculus	Mouse 26	10090	32.842	Adult	-117.258	26	UCSD LBR -80 freezer	True	Host-associated	Animal	Animal distal gut	10422	stool	mouse gut metagenome	male	410661	OSA	82.6	27.3	g	10422.26.F.7	0
6	10422.28.F.10	14.5	weeks	28-F-10	UBERON:feces	UBERON:feces	UBERON:feces	On counter	7	2016-03-18 10:00	feces mouse 28 collection 10 of 13	HFD	True	12/8/16	193	Host-associated	Animal	Animal distal gut	urban biome	animal-associated habitat	feces	host-associated	6 weeks	2/16/16	Air	LDLR knockout	USA:CA:San Diego	mouse	Mus musculus	Mouse 28	10090	32.842	Adult	-117.258	28	UCSD LBR -80 freezer	True	Host-associated	Animal	Animal distal gut	10422	stool	mouse gut metagenome	male	410661	OSA	Missing: Not provided	27.9	g	10422.28.F.10	0
7	10422.26.F.13	16.0	weeks	26-F-13	UBERON:feces	UBERON:feces	UBERON:feces	On counter	7	2016-03-29 10:00	final feces mouse 26 collection 13 of 13	HFD	True	12/8/16	193	Host-associated	Animal	Animal distal gut	urban biome	animal-associated habitat	feces	host-associated	6 weeks	2/16/16	Air	LDLR knockout	USA:CA:San Diego	mouse	Mus musculus	Mouse 26	10090	32.842	Adult	-117.258	26	UCSD LBR -80 freezer	True	Host-associated	Animal	Animal distal gut	10422	stool	mouse gut metagenome	male	410661	OSA	89.8	29.6	g	10422.26.F.13	0
8	10422.30.F.4	11.5	weeks	30-F-4	UBERON:feces	UBERON:feces	UBERON:feces	On counter	8	2016-02-26 10:00	feces mouse 30 collection 4 of 13	HFD	True	12/8/16	193	Host-associated	Animal	Animal distal gut	urban biome	animal-associated habitat	feces	host-associated	6 weeks	2/16/16	Air	LDLR knockout	USA:CA:San Diego	mouse	Mus musculus	Mouse 30	10090	32.842	Adult	-117.258	30	UCSD LBR -80 freezer	True	Host-associated	Animal	Animal distal gut	10422	stool	mouse gut metagenome	male	410661	OSA	Missing: Not provided	24.4	g	10422.30.F.4	0
9	10422.28.F.3	11.0	weeks	28-F-3	UBERON:feces	UBERON:feces	UBERON:feces	On counter	7	2016-02-23 10:00	feces mouse 28 collection 3 of 13	HFD	True	12/8/16	193	Host-associated	Animal	Animal distal gut	urban biome	animal-associated habitat	feces	host-associated	6 weeks	2/16/16	Air	LDLR knockout	USA:CA:San Diego	mouse	Mus musculus	Mouse 28	10090	32.842	Adult	-117.258	28	UCSD LBR -80 freezer	True	Host-associated	Animal	Animal distal gut	10422	stool	mouse gut metagenome	male	410661	OSA	92.1	25.1	g	10422.28.F.3	0
10	10422.31.F.7	13.0	weeks	31-F-7	UBERON:feces	UBERON:feces	UBERON:feces	On counter	8	2016-03-08 10:00	feces mouse 31 collection 7 of 13	HFD	True	12/8/16	193	Host-associated	Animal	Animal distal gut	urban biome	animal-associated habitat	feces	host-associated	6 weeks	2/16/16	Air	LDLR knockout	USA:CA:San Diego	mouse	Mus musculus	Mouse 31	10090	32.842	Adult	-117.258	31	UCSD LBR -80 freezer	True	Host-associated	Animal	Animal distal gut	10422	stool	mouse gut metagenome	male	410661	OSA	106.3	25.6	g	10422.31.F.7	0
11	10422.25.F.6	12.5	weeks	25-F-6	UBERON:feces	UBERON:feces	UBERON:feces	On counter	7	2016-03-04 10:00	feces mouse 25 collection 6 of 13	HFD	True	12/8/16	193	Host-associated	Animal	Animal distal gut	urban biome	animal-associated habitat	feces	host-associated	6 weeks	2/16/16	Air	LDLR knockout	USA:CA:San Diego	mouse	Mus musculus	Mouse 25	10090	32.842	Adult	-117.258	25	UCSD LBR -80 freezer	True	Host-associated	Animal	Animal distal gut	10422	stool	mouse gut metagenome	male	410661	OSA	Missing: Not provided	26.6	g	10422.25.F.6	0
12	10422.26.F.12	15.5	weeks	26-F-12	UBERON:feces	UBERON:feces	UBERON:feces	On counter	7	2016-03-25 10:00	feces mouse 26 collection 12 of 13	HFD	True	12/8/16	193	Host-associated	Animal	Animal distal gut	urban biome	animal-associated habitat	feces	host-associated	6 weeks	2/16/16	Air	LDLR knockout	USA:CA:San Diego	mouse	Mus musculus	Mouse 26	10090	32.842	Adult	-117.258	26	UCSD LBR -80 freezer	True	Host-associated	Animal	Animal distal gut	10422	stool	mouse gut metagenome	male	410661	OSA	Missing: Not provided	29.6	g	10422.26.F.12	0
13	10422.25.F.4	11.5	weeks	25-F-4	UBERON:feces	UBERON:feces	UBERON:feces	On counter	7	2016-02-26 10:00	feces mouse 25 collection 4 of 13	HFD	True	12/8/16	193	Host-associated	Animal	Animal distal gut	urban biome	animal-associated habitat	feces	host-associated	6 weeks	2/16/16	Air	LDLR knockout	USA:CA:San Diego	mouse	Mus musculus	Mouse 25	10090	32.842	Adult	-117.258	25	UCSD LBR -80 freezer	True	Host-associated	Animal	Animal distal gut	10422	stool	mouse gut metagenome	male	410661	OSA	Missing: Not provided	25.5	g	10422.25.F.4	0
14	10422.29.F.6	12.5	weeks	29-F-6	UBERON:feces	UBERON:feces	UBERON:feces	On counter	8	2016-03-04 10:00	feces mouse 29 collection 6 of 13	HFD	True	12/8/16	193	Host-associated	Animal	Animal distal gut	urban biome	animal-associated habitat	feces	host-associated	6 weeks	2/16/16	Air	LDLR knockout	USA:CA:San Diego	mouse	Mus musculus	Mouse 29	10090	32.842	Adult	-117.258	29	UCSD LBR -80 freezer	True	Host-associated	Animal	Animal distal gut	10422	stool	mouse gut metagenome	male	410661	OSA	Missing: Not provided	27.5	g	10422.29.F.6	0
15	10422.32.F.3	11.0	weeks	32-F-3	UBERON:feces	UBERON:feces	UBERON:feces	On counter	8	2016-02-23 10:00	feces mouse 32 collection 3 of 13	HFD	True	12/8/16	193	Host-associated	Animal	Animal distal gut	urban biome	animal-associated habitat	feces	host-associated	6 weeks	2/16/16	Air	LDLR knockout	USA:CA:San Diego	mouse	Mus musculus	Mouse 32	10090	32.842	Adult	-117.258	32	UCSD LBR -80 freezer	True	Host-associated	Animal	Animal distal gut	10422	stool	mouse gut metagenome	male	410661	OSA	98.5	25.8	g	10422.32.F.3	0
16	10422.32.F.10	14.5	weeks	32-F-10	UBERON:feces	UBERON:feces	UBERON:feces	On counter	8	2016-03-18 10:00	feces mouse 32 collection 10 of 13	HFD	True	12/8/16	193	Host-associated	Animal	Animal distal gut	urban biome	animal-associated habitat	feces	host-associated	6 weeks	2/16/16	Air	LDLR knockout	USA:CA:San Diego	mouse	Mus musculus	Mouse 32	10090	32.842	Adult	-117.258	32	UCSD LBR -80 freezer	True	Host-associated	Animal	Animal distal gut	10422	stool	mouse gut metagenome	male	410661	OSA	Missing: Not provided	30.2	g	10422.32.F.10	0
17	10422.26.F.10	14.5	weeks	26-F-10	UBERON:feces	UBERON:feces	UBERON:feces	On counter	7	2016-03-18 10:00	feces mouse 26 collection 10 of 13	HFD	True	12/8/16	193	Host-associated	Animal	Animal distal gut	urban biome	animal-associated habitat	feces	host-associated	6 weeks	2/16/16	Air	LDLR knockout	USA:CA:San Diego	mouse	Mus musculus	Mouse 26	10090	32.842	Adult	-117.258	26	UCSD LBR -80 freezer	True	Host-associated	Animal	Animal distal gut	10422	stool	mouse gut metagenome	male	410661	OSA	Missing: Not provided	28.7	g	10422.26.F.10	0
18	10422.32.F.4	11.5	weeks	32-F-4	UBERON:feces	UBERON:feces	UBERON:feces	On counter	8	2016-02-26 10:00	feces mouse 32 collection 4 of 13	HFD	True	12/8/16	193	Host-associated	Animal	Animal distal gut	urban biome	animal-associated habitat	feces	host-associated	6 weeks	2/16/16	Air	LDLR knockout	USA:CA:San Diego	mouse	Mus musculus	Mouse 32	10090	32.842	Adult	-117.258	32	UCSD LBR -80 freezer	True	Host-associated	Animal	Animal distal gut	10422	stool	mouse gut metagenome	male	410661	OSA	Missing: Not provided	26.0	g	10422.32.F.4	0
19	10422.32.F.8	13.5	weeks	32-F-8	UBERON:feces	UBERON:feces	UBERON:feces	On counter	8	2016-03-11 10:00	feces mouse 32 collection 8 of 13	HFD	True	12/8/16	193	Host-associated	Animal	Animal distal gut	urban biome	animal-associated habitat	feces	host-associated	6 weeks	2/16/16	Air	LDLR knockout	USA:CA:San Diego	mouse	Mus musculus	Mouse 32	10090	32.842	Adult	-117.258	32	UCSD LBR -80 freezer	True	Host-associated	Animal	Animal distal gut	10422	stool	mouse gut metagenome	male	410661	OSA	Missing: Not provided	28.3	g	10422.32.F.8	0
20	10422.32.F.11	15.0	weeks	32-F-11	UBERON:feces	UBERON:feces	UBERON:feces	On counter	8	2016-03-22 10:00	feces mouse 32 collection 11 of 13	HFD	True	12/8/16	193	Host-associated	Animal	Animal distal gut	urban biome	animal-associated habitat	feces	host-associated	6 weeks	2/16/16	Air	LDLR knockout	USA:CA:San Diego	mouse	Mus musculus	Mouse 32	10090	32.842	Adult	-117.258	32	UCSD LBR -80 freezer	True	Host-associated	Animal	Animal distal gut	10422	stool	mouse gut metagenome	male	410661	OSA	98.9	30.8	g	10422.32.F.11	0
21	10422.26.F.11	15.0	weeks	26-F-11	UBERON:feces	UBERON:feces	UBERON:feces	On counter	7	2016-03-22 10:00	feces mouse 26 collection 11 of 13	HFD	True	12/8/16	193	Host-associated	Animal	Animal distal gut	urban biome	animal-associated habitat	feces	host-associated	6 weeks	2/16/16	Air	LDLR knockout	USA:CA:San Diego	mouse	Mus musculus	Mouse 26	10090	32.842	Adult	-117.258	26	UCSD LBR -80 freezer	True	Host-associated	Animal	Animal distal gut	10422	stool	mouse gut metagenome	male	410661	OSA	86.8	29.0	g	10422.26.F.11	0
22	10422.31.F.8	13.5	weeks	31-F-8	UBERON:feces	UBERON:feces	UBERON:feces	On counter	8	2016-03-11 10:00	feces mouse 31 collection 8 of 13	HFD	True	12/8/16	193	Host-associated	Animal	Animal distal gut	urban biome	animal-associated habitat	feces	host-associated	6 weeks	2/16/16	Air	LDLR knockout	USA:CA:San Diego	mouse	Mus musculus	Mouse 31	10090	32.842	Adult	-117.258	31	UCSD LBR -80 freezer	True	Host-associated	Animal	Animal distal gut	10422	stool	mouse gut metagenome	male	410661	OSA	Missing: Not provided	26.1	g	10422.31.F.8	0
23	10422.30.F.2	10.5	weeks	30-F-2	UBERON:feces	UBERON:feces	UBERON:feces	On counter	8	2016-02-19 10:00	feces mouse 30 collection 2 of 13	HFD	True	12/8/16	193	Host-associated	Animal	Animal distal gut	urban biome	animal-associated habitat	feces	host-associated	6 weeks	2/16/16	Air	LDLR knockout	USA:CA:San Diego	mouse	Mus musculus	Mouse 30	10090	32.842	Adult	-117.258	30	UCSD LBR -80 freezer	True	Host-associated	Animal	Animal distal gut	10422	stool	mouse gut metagenome	male	410661	OSA	Missing: Not provided	24.2	g	10422.30.F.2	0
24	10422.28.F.6	12.5	weeks	28-F-6	UBERON:feces	UBERON:feces	UBERON:feces	On counter	7	2016-03-04 10:00	feces mouse 28 collection 6 of 13	HFD	True	12/8/16	193	Host-associated	Animal	Animal distal gut	urban biome	animal-associated habitat	feces	host-associated	6 weeks	2/16/16	Air	LDLR knockout	USA:CA:San Diego	mouse	Mus musculus	Mouse 28	10090	32.842	Adult	-117.258	28	UCSD LBR -80 freezer	True	Host-associated	Animal	Animal distal gut	10422	stool	mouse gut metagenome	male	410661	OSA	Missing: Not provided	26.4	g	10422.28.F.6	0
25	10422.32.F.2	10.5	weeks	32-F-2	UBERON:feces	UBERON:feces	UBERON:feces	On counter	8	2016-02-19 10:00	feces mouse 32 collection 2 of 13	HFD	True	12/8/16	193	Host-associated	Animal	Animal distal gut	urban biome	animal-associated habitat	feces	host-associated	6 weeks	2/16/16	Air	LDLR knockout	USA:CA:San Diego	mouse	Mus musculus	Mouse 32	10090	32.842	Adult	-117.258	32	UCSD LBR -80 freezer	True	Host-associated	Animal	Animal distal gut	10422	stool	mouse gut metagenome	male	410661	OSA	Missing: Not provided	25.2	g	10422.32.F.2	0
26	10422.30.F.13	16.0	weeks	30-F-13	UBERON:feces	UBERON:feces	UBERON:feces	On counter	8	2016-03-29 10:00	final feces mouse 30 collection 13 of 13	HFD	True	12/8/16	193	Host-associated	Animal	Animal distal gut	urban biome	animal-associated habitat	feces	host-associated	6 weeks	2/16/16	Air	LDLR knockout	USA:CA:San Diego	mouse	Mus musculus	Mouse 30	10090	32.842	Adult	-117.258	30	UCSD LBR -80 freezer	True	Host-associated	Animal	Animal distal gut	10422	stool	mouse gut metagenome	male	410661	OSA	94	28.1	g	10422.30.F.13	0
27	10422.31.F.13	16.0	weeks	31-F-13	UBERON:feces	UBERON:feces	UBERON:feces	On counter	8	2016-03-29 10:00	final feces mouse 31 collection 13 of 13	HFD	True	12/8/16	193	Host-associated	Animal	Animal distal gut	urban biome	animal-associated habitat	feces	host-associated	6 weeks	2/16/16	Air	LDLR knockout	USA:CA:San Diego	mouse	Mus musculus	Mouse 31	10090	32.842	Adult	-117.258	31	UCSD LBR -80 freezer	True	Host-associated	Animal	Animal distal gut	10422	stool	mouse gut metagenome	male	410661	OSA	94	28.8	g	10422.31.F.13	0
28	10422.30.F.6	12.5	weeks	30-F-6	UBERON:feces	UBERON:feces	UBERON:feces	On counter	8	2016-03-04 10:00	feces mouse 30 collection 6 of 13	HFD	True	12/8/16	193	Host-associated	Animal	Animal distal gut	urban biome	animal-associated habitat	feces	host-associated	6 weeks	2/16/16	Air	LDLR knockout	USA:CA:San Diego	mouse	Mus musculus	Mouse 30	10090	32.842	Adult	-117.258	30	UCSD LBR -80 freezer	True	Host-associated	Animal	Animal distal gut	10422	stool	mouse gut metagenome	male	410661	OSA	Missing: Not provided	24.9	g	10422.30.F.6	0
29	10422.32.F.6	12.5	weeks	32-F-6	UBERON:feces	UBERON:feces	UBERON:feces	On counter	8	2016-03-04 10:00	feces mouse 32 collection 6 of 13	HFD	True	12/8/16	193	Host-associated	Animal	Animal distal gut	urban biome	animal-associated habitat	feces	host-associated	6 weeks	2/16/16	Air	LDLR knockout	USA:CA:San Diego	mouse	Mus musculus	Mouse 32	10090	32.842	Adult	-117.258	32	UCSD LBR -80 freezer	True	Host-associated	Animal	Animal distal gut	10422	stool	mouse gut metagenome	male	410661	OSA	Missing: Not provided	27.0	g	10422.32.F.6	0
30	10422.31.F.9	14.0	weeks	31-F-9	UBERON:feces	UBERON:feces	UBERON:feces	On counter	8	2016-03-15 10:00	feces mouse 31 collection 9 of 13	HFD	True	12/8/16	193	Host-associated	Animal	Animal distal gut	urban biome	animal-associated habitat	feces	host-associated	6 weeks	2/16/16	Air	LDLR knockout	USA:CA:San Diego	mouse	Mus musculus	Mouse 31	10090	32.842	Adult	-117.258	31	UCSD LBR -80 freezer	True	Host-associated	Animal	Animal distal gut	10422	stool	mouse gut metagenome	male	410661	OSA	107.7	26.6	g	10422.31.F.9	0
31	10422.27.F.13	16.0	weeks	27-F-13	UBERON:feces	UBERON:feces	UBERON:feces	On counter	7	2016-03-29 10:00	final feces mouse 27 collection 13 of 13	HFD	True	12/8/16	193	Host-associated	Animal	Animal distal gut	urban biome	animal-associated habitat	feces	host-associated	6 weeks	2/16/16	Air	LDLR knockout	USA:CA:San Diego	mouse	Mus musculus	Mouse 27	10090	32.842	Adult	-117.258	27	UCSD LBR -80 freezer	True	Host-associated	Animal	Animal distal gut	10422	stool	mouse gut metagenome	male	410661	OSA	89.8	30.0	g	10422.27.F.13	0
32	10422.31.F.6	12.5	weeks	31-F-6	UBERON:feces	UBERON:feces	UBERON:feces	On counter	8	2016-03-04 10:00	feces mouse 31 collection 6 of 13	HFD	True	12/8/16	193	Host-associated	Animal	Animal distal gut	urban biome	animal-associated habitat	feces	host-associated	6 weeks	2/16/16	Air	LDLR knockout	USA:CA:San Diego	mouse	Mus musculus	Mouse 31	10090	32.842	Adult	-117.258	31	UCSD LBR -80 freezer	True	Host-associated	Animal	Animal distal gut	10422	stool	mouse gut metagenome	male	410661	OSA	Missing: Not provided	25.4	g	10422.31.F.6	0
33	10422.28.F.13	16.0	weeks	28-F-13	UBERON:feces	UBERON:feces	UBERON:feces	On counter	7	2016-03-29 10:00	final feces mouse 28 collection 13 of 13	HFD	True	12/8/16	193	Host-associated	Animal	Animal distal gut	urban biome	animal-associated habitat	feces	host-associated	6 weeks	2/16/16	Air	LDLR knockout	USA:CA:San Diego	mouse	Mus musculus	Mouse 28	10090	32.842	Adult	-117.258	28	UCSD LBR -80 freezer	True	Host-associated	Animal	Animal distal gut	10422	stool	mouse gut metagenome	male	410661	OSA	89.8	28.5	g	10422.28.F.13	0
34	10422.31.F.3	11.0	weeks	31-F-3	UBERON:feces	UBERON:feces	UBERON:feces	On counter	8	2016-02-23 10:00	feces mouse 31 collection 3 of 13	HFD	True	12/8/16	193	Host-associated	Animal	Animal distal gut	urban biome	animal-associated habitat	feces	host-associated	6 weeks	2/16/16	Air	LDLR knockout	USA:CA:San Diego	mouse	Mus musculus	Mouse 31	10090	32.842	Adult	-117.258	31	UCSD LBR -80 freezer	True	Host-associated	Animal	Animal distal gut	10422	stool	mouse gut metagenome	male	410661	OSA	98.5	24.2	g	10422.31.F.3	0
35	10422.27.F.5	12.0	weeks	27-F-5	UBERON:feces	UBERON:feces	UBERON:feces	On counter	7	2016-03-01 10:00	feces mouse 27 collection 5 of 13	HFD	True	12/8/16	193	Host-associated	Animal	Animal distal gut	urban biome	animal-associated habitat	feces	host-associated	6 weeks	2/16/16	Air	LDLR knockout	USA:CA:San Diego	mouse	Mus musculus	Mouse 27	10090	32.842	Adult	-117.258	27	UCSD LBR -80 freezer	True	Host-associated	Animal	Animal distal gut	10422	stool	mouse gut metagenome	male	410661	OSA	81.5	26.6	g	10422.27.F.5	0
36	10422.31.F.5	12.0	weeks	31-F-5	UBERON:feces	UBERON:feces	UBERON:feces	On counter	8	2016-03-01 10:00	feces mouse 31 collection 5 of 13	HFD	True	12/8/16	193	Host-associated	Animal	Animal distal gut	urban biome	animal-associated habitat	feces	host-associated	6 weeks	2/16/16	Air	LDLR knockout	USA:CA:San Diego	mouse	Mus musculus	Mouse 31	10090	32.842	Adult	-117.258	31	UCSD LBR -80 freezer	True	Host-associated	Animal	Animal distal gut	10422	stool	mouse gut metagenome	male	410661	OSA	89.6	25.3	g	10422.31.F.5	0
37	10422.32.F.1	10.0	weeks	32-F-1	UBERON:feces	UBERON:feces	UBERON:feces	On counter	8	2016-02-16 10:00	baseline feces mouse 32 collection 1 of 13	HFD	True	12/8/16	193	Host-associated	Animal	Animal distal gut	urban biome	animal-associated habitat	feces	host-associated	6 weeks	2/16/16	Air	LDLR knockout	USA:CA:San Diego	mouse	Mus musculus	Mouse 32	10090	32.842	Adult	-117.258	32	UCSD LBR -80 freezer	True	Host-associated	Animal	Animal distal gut	10422	stool	mouse gut metagenome	male	410661	OSA	Not applicable	25.0	g	10422.32.F.1	0
38	10422.27.F.12	15.5	weeks	27-F-12	UBERON:feces	UBERON:feces	UBERON:feces	On counter	7	2016-03-25 10:00	feces mouse 27 collection 12 of 13	HFD	True	12/8/16	193	Host-associated	Animal	Animal distal gut	urban biome	animal-associated habitat	feces	host-associated	6 weeks	2/16/16	Air	LDLR knockout	USA:CA:San Diego	mouse	Mus musculus	Mouse 27	10090	32.842	Adult	-117.258	27	UCSD LBR -80 freezer	True	Host-associated	Animal	Animal distal gut	10422	stool	mouse gut metagenome	male	410661	OSA	Missing: Not provided	29.6	g	10422.27.F.12	0
39	10422.27.F.8	13.5	weeks	27-F-8	UBERON:feces	UBERON:feces	UBERON:feces	On counter	7	2016-03-11 10:00	feces mouse 27 collection 8 of 13	HFD	True	12/8/16	193	Host-associated	Animal	Animal distal gut	urban biome	animal-associated habitat	feces	host-associated	6 weeks	2/16/16	Air	LDLR knockout	USA:CA:San Diego	mouse	Mus musculus	Mouse 27	10090	32.842	Adult	-117.258	27	UCSD LBR -80 freezer	True	Host-associated	Animal	Animal distal gut	10422	stool	mouse gut metagenome	male	410661	OSA	Missing: Not provided	26.9	g	10422.27.F.8	0
40	10422.28.F.12	15.5	weeks	28-F-12	UBERON:feces	UBERON:feces	UBERON:feces	On counter	7	2016-03-25 10:00	feces mouse 28 collection 12 of 13	HFD	True	12/8/16	193	Host-associated	Animal	Animal distal gut	urban biome	animal-associated habitat	feces	host-associated	6 weeks	2/16/16	Air	LDLR knockout	USA:CA:San Diego	mouse	Mus musculus	Mouse 28	10090	32.842	Adult	-117.258	28	UCSD LBR -80 freezer	True	Host-associated	Animal	Animal distal gut	10422	stool	mouse gut metagenome	male	410661	OSA	Missing: Not provided	28.2	g	10422.28.F.12	0
41	10422.31.F.12	15.5	weeks	31-F-12	UBERON:feces	UBERON:feces	UBERON:feces	On counter	8	2016-03-25 10:00	feces mouse 31 collection 12 of 13	HFD	True	12/8/16	193	Host-associated	Animal	Animal distal gut	urban biome	animal-associated habitat	feces	host-associated	6 weeks	2/16/16	Air	LDLR knockout	USA:CA:San Diego	mouse	Mus musculus	Mouse 31	10090	32.842	Adult	-117.258	31	UCSD LBR -80 freezer	True	Host-associated	Animal	Animal distal gut	10422	stool	mouse gut metagenome	male	410661	OSA	Missing: Not provided	28.3	g	10422.31.F.12	0
42	10422.28.F.4	11.5	weeks	28-F-4	UBERON:feces	UBERON:feces	UBERON:feces	On counter	7	2016-02-26 10:00	feces mouse 28 collection 4 of 13	HFD	True	12/8/16	193	Host-associated	Animal	Animal distal gut	urban biome	animal-associated habitat	feces	host-associated	6 weeks	2/16/16	Air	LDLR knockout	USA:CA:San Diego	mouse	Mus musculus	Mouse 28	10090	32.842	Adult	-117.258	28	UCSD LBR -80 freezer	True	Host-associated	Animal	Animal distal gut	10422	stool	mouse gut metagenome	male	410661	OSA	Missing: Not provided	25.4	g	10422.28.F.4	0
43	10422.32.F.5	12.0	weeks	32-F-5	UBERON:feces	UBERON:feces	UBERON:feces	On counter	8	2016-03-01 10:00	feces mouse 32 collection 5 of 13	HFD	True	12/8/16	193	Host-associated	Animal	Animal distal gut	urban biome	animal-associated habitat	feces	host-associated	6 weeks	2/16/16	Air	LDLR knockout	USA:CA:San Diego	mouse	Mus musculus	Mouse 32	10090	32.842	Adult	-117.258	32	UCSD LBR -80 freezer	True	Host-associated	Animal	Animal distal gut	10422	stool	mouse gut metagenome	male	410661	OSA	89.6	26.5	g	10422.32.F.5	0
44	10422.29.F.5	12.0	weeks	29-F-5	UBERON:feces	UBERON:feces	UBERON:feces	On counter	8	2016-03-01 10:00	feces mouse 29 collection 5 of 13	HFD	True	12/8/16	193	Host-associated	Animal	Animal distal gut	urban biome	animal-associated habitat	feces	host-associated	6 weeks	2/16/16	Air	LDLR knockout	USA:CA:San Diego	mouse	Mus musculus	Mouse 29	10090	32.842	Adult	-117.258	29	UCSD LBR -80 freezer	True	Host-associated	Animal	Animal distal gut	10422	stool	mouse gut metagenome	male	410661	OSA	89.6	26.6	g	10422.29.F.5	0
45	10422.25.F.12	15.5	weeks	25-F-12	UBERON:feces	UBERON:feces	UBERON:feces	On counter	7	2016-03-25 10:00	feces mouse 25 collection 12 of 13	HFD	True	12/8/16	193	Host-associated	Animal	Animal distal gut	urban biome	animal-associated habitat	feces	host-associated	6 weeks	2/16/16	Air	LDLR knockout	USA:CA:San Diego	mouse	Mus musculus	Mouse 25	10090	32.842	Adult	-117.258	25	UCSD LBR -80 freezer	True	Host-associated	Animal	Animal distal gut	10422	stool	mouse gut metagenome	male	410661	OSA	Missing: Not provided	28.8	g	10422.25.F.12	0
46	10422.27.F.7	13.0	weeks	27-F-7	UBERON:feces	UBERON:feces	UBERON:feces	On counter	7	2016-03-08 10:00	feces mouse 27 collection 7 of 13	HFD	True	12/8/16	193	Host-associated	Animal	Animal distal gut	urban biome	animal-associated habitat	feces	host-associated	6 weeks	2/16/16	Air	LDLR knockout	USA:CA:San Diego	mouse	Mus musculus	Mouse 27	10090	32.842	Adult	-117.258	27	UCSD LBR -80 freezer	True	Host-associated	Animal	Animal distal gut	10422	stool	mouse gut metagenome	male	410661	OSA	82.6	26.6	g	10422.27.F.7	0
47	10422.29.F.1	10.0	weeks	29-F-1	UBERON:feces	UBERON:feces	UBERON:feces	On counter	8	2016-02-16 10:00	baseline feces mouse 29 collection 1 of 13	HFD	True	12/8/16	193	Host-associated	Animal	Animal distal gut	urban biome	animal-associated habitat	feces	host-associated	6 weeks	2/16/16	Air	LDLR knockout	USA:CA:San Diego	mouse	Mus musculus	Mouse 29	10090	32.842	Adult	-117.258	29	UCSD LBR -80 freezer	True	Host-associated	Animal	Animal distal gut	10422	stool	mouse gut metagenome	male	410661	OSA	Not applicable	25.2	g	10422.29.F.1	0
48	10422.29.F.8	13.5	weeks	29-F-8	UBERON:feces	UBERON:feces	UBERON:feces	On counter	8	2016-03-11 10:00	feces mouse 29 collection 8 of 13	HFD	True	12/8/16	193	Host-associated	Animal	Animal distal gut	urban biome	animal-associated habitat	feces	host-associated	6 weeks	2/16/16	Air	LDLR knockout	USA:CA:San Diego	mouse	Mus musculus	Mouse 29	10090	32.842	Adult	-117.258	29	UCSD LBR -80 freezer	True	Host-associated	Animal	Animal distal gut	10422	stool	mouse gut metagenome	male	410661	OSA	Missing: Not provided	29.1	g	10422.29.F.8	0
49	10422.30.F.3	11.0	weeks	30-F-3	UBERON:feces	UBERON:feces	UBERON:feces	On counter	8	2016-02-23 10:00	feces mouse 30 collection 3 of 13	HFD	True	12/8/16	193	Host-associated	Animal	Animal distal gut	urban biome	animal-associated habitat	feces	host-associated	6 weeks	2/16/16	Air	LDLR knockout	USA:CA:San Diego	mouse	Mus musculus	Mouse 30	10090	32.842	Adult	-117.258	30	UCSD LBR -80 freezer	True	Host-associated	Animal	Animal distal gut	10422	stool	mouse gut metagenome	male	410661	OSA	98.5	24.5	g	10422.30.F.3	0
50	10422.30.F.7	13.0	weeks	30-F-7	UBERON:feces	UBERON:feces	UBERON:feces	On counter	8	2016-03-08 10:00	feces mouse 30 collection 7 of 13	HFD	True	12/8/16	193	Host-associated	Animal	Animal distal gut	urban biome	animal-associated habitat	feces	host-associated	6 weeks	2/16/16	Air	LDLR knockout	USA:CA:San Diego	mouse	Mus musculus	Mouse 30	10090	32.842	Adult	-117.258	30	UCSD LBR -80 freezer	True	Host-associated	Animal	Animal distal gut	10422	stool	mouse gut metagenome	male	410661	OSA	106.3	25.0	g	10422.30.F.7	0
51	10422.29.F.11	15.0	weeks	29-F-11	UBERON:feces	UBERON:feces	UBERON:feces	On counter	8	2016-03-22 10:00	feces mouse 29 collection 11 of 13	HFD	True	12/8/16	193	Host-associated	Animal	Animal distal gut	urban biome	animal-associated habitat	feces	host-associated	6 weeks	2/16/16	Air	LDLR knockout	USA:CA:San Diego	mouse	Mus musculus	Mouse 29	10090	32.842	Adult	-117.258	29	UCSD LBR -80 freezer	True	Host-associated	Animal	Animal distal gut	10422	stool	mouse gut metagenome	male	410661	OSA	98.9	30.7	g	10422.29.F.11	0
52	10422.29.F.2	10.5	weeks	29-F-2	UBERON:feces	UBERON:feces	UBERON:feces	On counter	8	2016-02-19 10:00	feces mouse 29 collection 2 of 13	HFD	True	12/8/16	193	Host-associated	Animal	Animal distal gut	urban biome	animal-associated habitat	feces	host-associated	6 weeks	2/16/16	Air	LDLR knockout	USA:CA:San Diego	mouse	Mus musculus	Mouse 29	10090	32.842	Adult	-117.258	29	UCSD LBR -80 freezer	True	Host-associated	Animal	Animal distal gut	10422	stool	mouse gut metagenome	male	410661	OSA	Missing: Not provided	26.0	g	10422.29.F.2	0
53	10422.27.F.3	11.0	weeks	27-F-3	UBERON:feces	UBERON:feces	UBERON:feces	On counter	7	2016-02-23 10:00	feces mouse 27 collection 3 of 13	HFD	True	12/8/16	193	Host-associated	Animal	Animal distal gut	urban biome	animal-associated habitat	feces	host-associated	6 weeks	2/16/16	Air	LDLR knockout	USA:CA:San Diego	mouse	Mus musculus	Mouse 27	10090	32.842	Adult	-117.258	27	UCSD LBR -80 freezer	True	Host-associated	Animal	Animal distal gut	10422	stool	mouse gut metagenome	male	410661	OSA	92.1	25.6	g	10422.27.F.3	0
54	10422.32.F.9	14.0	weeks	32-F-9	UBERON:feces	UBERON:feces	UBERON:feces	On counter	8	2016-03-15 10:00	feces mouse 32 collection 9 of 13	HFD	True	12/8/16	193	Host-associated	Animal	Animal distal gut	urban biome	animal-associated habitat	feces	host-associated	6 weeks	2/16/16	Air	LDLR knockout	USA:CA:San Diego	mouse	Mus musculus	Mouse 32	10090	32.842	Adult	-117.258	32	UCSD LBR -80 freezer	True	Host-associated	Animal	Animal distal gut	10422	stool	mouse gut metagenome	male	410661	OSA	107.7	28.8	g	10422.32.F.9	0
55	10422.26.F.4	11.5	weeks	26-F-4	UBERON:feces	UBERON:feces	UBERON:feces	On counter	7	2016-02-26 10:00	feces mouse 26 collection 4 of 13	HFD	True	12/8/16	193	Host-associated	Animal	Animal distal gut	urban biome	animal-associated habitat	feces	host-associated	6 weeks	2/16/16	Air	LDLR knockout	USA:CA:San Diego	mouse	Mus musculus	Mouse 26	10090	32.842	Adult	-117.258	26	UCSD LBR -80 freezer	True	Host-associated	Animal	Animal distal gut	10422	stool	mouse gut metagenome	male	410661	OSA	Missing: Not provided	25.7	g	10422.26.F.4	0
56	10422.30.F.8	13.5	weeks	30-F-8	UBERON:feces	UBERON:feces	UBERON:feces	On counter	8	2016-03-11 10:00	feces mouse 30 collection 8 of 13	HFD	True	12/8/16	193	Host-associated	Animal	Animal distal gut	urban biome	animal-associated habitat	feces	host-associated	6 weeks	2/16/16	Air	LDLR knockout	USA:CA:San Diego	mouse	Mus musculus	Mouse 30	10090	32.842	Adult	-117.258	30	UCSD LBR -80 freezer	True	Host-associated	Animal	Animal distal gut	10422	stool	mouse gut metagenome	male	410661	OSA	Missing: Not provided	26.3	g	10422.30.F.8	0
57	10422.29.F.4	11.5	weeks	29-F-4	UBERON:feces	UBERON:feces	UBERON:feces	On counter	8	2016-02-26 10:00	feces mouse 29 collection 4 of 13	HFD	True	12/8/16	193	Host-associated	Animal	Animal distal gut	urban biome	animal-associated habitat	feces	host-associated	6 weeks	2/16/16	Air	LDLR knockout	USA:CA:San Diego	mouse	Mus musculus	Mouse 29	10090	32.842	Adult	-117.258	29	UCSD LBR -80 freezer	True	Host-associated	Animal	Animal distal gut	10422	stool	mouse gut metagenome	male	410661	OSA	Missing: Not provided	26.1	g	10422.29.F.4	0
58	10422.26.F.9	14.0	weeks	26-F-9	UBERON:feces	UBERON:feces	UBERON:feces	On counter	7	2016-03-15 10:00	feces mouse 26 collection 9 of 13	HFD	True	12/8/16	193	Host-associated	Animal	Animal distal gut	urban biome	animal-associated habitat	feces	host-associated	6 weeks	2/16/16	Air	LDLR knockout	USA:CA:San Diego	mouse	Mus musculus	Mouse 26	10090	32.842	Adult	-117.258	26	UCSD LBR -80 freezer	True	Host-associated	Animal	Animal distal gut	10422	stool	mouse gut metagenome	male	410661	OSA	85.9	28.0	g	10422.26.F.9	0
59	10422.30.F.10	14.5	weeks	30-F-10	UBERON:feces	UBERON:feces	UBERON:feces	On counter	8	2016-03-18 10:00	feces mouse 30 collection 10 of 13	HFD	True	12/8/16	193	Host-associated	Animal	Animal distal gut	urban biome	animal-associated habitat	feces	host-associated	6 weeks	2/16/16	Air	LDLR knockout	USA:CA:San Diego	mouse	Mus musculus	Mouse 30	10090	32.842	Adult	-117.258	30	UCSD LBR -80 freezer	True	Host-associated	Animal	Animal distal gut	10422	stool	mouse gut metagenome	male	410661	OSA	Missing: Not provided	27.6	g	10422.30.F.10	0
60	10422.25.F.5	12.0	weeks	25-F-5	UBERON:feces	UBERON:feces	UBERON:feces	On counter	7	2016-03-01 10:00	feces mouse 25 collection 5 of 13	HFD	True	12/8/16	193	Host-associated	Animal	Animal distal gut	urban biome	animal-associated habitat	feces	host-associated	6 weeks	2/16/16	Air	LDLR knockout	USA:CA:San Diego	mouse	Mus musculus	Mouse 25	10090	32.842	Adult	-117.258	25	UCSD LBR -80 freezer	True	Host-associated	Animal	Animal distal gut	10422	stool	mouse gut metagenome	male	410661	OSA	81.5	26.3	g	10422.25.F.5	0
61	10422.31.F.11	15.0	weeks	31-F-11	UBERON:feces	UBERON:feces	UBERON:feces	On counter	8	2016-03-22 10:00	feces mouse 31 collection 11 of 13	HFD	True	12/8/16	193	Host-associated	Animal	Animal distal gut	urban biome	animal-associated habitat	feces	host-associated	6 weeks	2/16/16	Air	LDLR knockout	USA:CA:San Diego	mouse	Mus musculus	Mouse 31	10090	32.842	Adult	-117.258	31	UCSD LBR -80 freezer	True	Host-associated	Animal	Animal distal gut	10422	stool	mouse gut metagenome	male	410661	OSA	98.9	28.0	g	10422.31.F.11	0
62	10422.25.F.9	14.0	weeks	25-F-9	UBERON:feces	UBERON:feces	UBERON:feces	On counter	7	2016-03-15 10:00	feces mouse 25 collection 9 of 13	HFD	True	12/8/16	193	Host-associated	Animal	Animal distal gut	urban biome	animal-associated habitat	feces	host-associated	6 weeks	2/16/16	Air	LDLR knockout	USA:CA:San Diego	mouse	Mus musculus	Mouse 25	10090	32.842	Adult	-117.258	25	UCSD LBR -80 freezer	True	Host-associated	Animal	Animal distal gut	10422	stool	mouse gut metagenome	male	410661	OSA	85.9	27.3	g	10422.25.F.9	0
63	10422.29.F.10	14.5	weeks	29-F-10	UBERON:feces	UBERON:feces	UBERON:feces	On counter	8	2016-03-18 10:00	feces mouse 29 collection 10 of 13	HFD	True	12/8/16	193	Host-associated	Animal	Animal distal gut	urban biome	animal-associated habitat	feces	host-associated	6 weeks	2/16/16	Air	LDLR knockout	USA:CA:San Diego	mouse	Mus musculus	Mouse 29	10090	32.842	Adult	-117.258	29	UCSD LBR -80 freezer	True	Host-associated	Animal	Animal distal gut	10422	stool	mouse gut metagenome	male	410661	OSA	Missing: Not provided	30.6	g	10422.29.F.10	0
64	10422.29.F.3	11.0	weeks	29-F-3	UBERON:feces	UBERON:feces	UBERON:feces	On counter	8	2016-02-23 10:00	feces mouse 29 collection 3 of 13	HFD	True	12/8/16	193	Host-associated	Animal	Animal distal gut	urban biome	animal-associated habitat	feces	host-associated	6 weeks	2/16/16	Air	LDLR knockout	USA:CA:San Diego	mouse	Mus musculus	Mouse 29	10090	32.842	Adult	-117.258	29	UCSD LBR -80 freezer	True	Host-associated	Animal	Animal distal gut	10422	stool	mouse gut metagenome	male	410661	OSA	98.5	25.8	g	10422.29.F.3	0
65	10422.31.F.4	11.5	weeks	31-F-4	UBERON:feces	UBERON:feces	UBERON:feces	On counter	8	2016-02-26 10:00	feces mouse 31 collection 4 of 13	HFD	True	12/8/16	193	Host-associated	Animal	Animal distal gut	urban biome	animal-associated habitat	feces	host-associated	6 weeks	2/16/16	Air	LDLR knockout	USA:CA:San Diego	mouse	Mus musculus	Mouse 31	10090	32.842	Adult	-117.258	31	UCSD LBR -80 freezer	True	Host-associated	Animal	Animal distal gut	10422	stool	mouse gut metagenome	male	410661	OSA	Missing: Not provided	24.6	g	10422.31.F.4	0
66	10422.25.F.3	11.0	weeks	25-F-3	UBERON:feces	UBERON:feces	UBERON:feces	On counter	7	2016-02-23 10:00	feces mouse 25 collection 3 of 13	HFD	True	12/8/16	193	Host-associated	Animal	Animal distal gut	urban biome	animal-associated habitat	feces	host-associated	6 weeks	2/16/16	Air	LDLR knockout	USA:CA:San Diego	mouse	Mus musculus	Mouse 25	10090	32.842	Adult	-117.258	25	UCSD LBR -80 freezer	True	Host-associated	Animal	Animal distal gut	10422	stool	mouse gut metagenome	male	410661	OSA	92.1	25.2	g	10422.25.F.3	0
67	10422.27.F.9	14.0	weeks	27-F-9	UBERON:feces	UBERON:feces	UBERON:feces	On counter	7	2016-03-15 10:00	feces mouse 27 collection 9 of 13	HFD	True	12/8/16	193	Host-associated	Animal	Animal distal gut	urban biome	animal-associated habitat	feces	host-associated	6 weeks	2/16/16	Air	LDLR knockout	USA:CA:San Diego	mouse	Mus musculus	Mouse 27	10090	32.842	Adult	-117.258	27	UCSD LBR -80 freezer	True	Host-associated	Animal	Animal distal gut	10422	stool	mouse gut metagenome	male	410661	OSA	85.9	27.4	g	10422.27.F.9	0
68	10422.26.F.8	13.5	weeks	26-F-8	UBERON:feces	UBERON:feces	UBERON:feces	On counter	7	2016-03-11 10:00	feces mouse 26 collection 8 of 13	HFD	True	12/8/16	193	Host-associated	Animal	Animal distal gut	urban biome	animal-associated habitat	feces	host-associated	6 weeks	2/16/16	Air	LDLR knockout	USA:CA:San Diego	mouse	Mus musculus	Mouse 26	10090	32.842	Adult	-117.258	26	UCSD LBR -80 freezer	True	Host-associated	Animal	Animal distal gut	10422	stool	mouse gut metagenome	male	410661	OSA	Missing: Not provided	28.0	g	10422.26.F.8	0
69	10422.30.F.11	15.0	weeks	30-F-11	UBERON:feces	UBERON:feces	UBERON:feces	On counter	8	2016-03-22 10:00	feces mouse 30 collection 11 of 13	HFD	True	12/8/16	193	Host-associated	Animal	Animal distal gut	urban biome	animal-associated habitat	feces	host-associated	6 weeks	2/16/16	Air	LDLR knockout	USA:CA:San Diego	mouse	Mus musculus	Mouse 30	10090	32.842	Adult	-117.258	30	UCSD LBR -80 freezer	True	Host-associated	Animal	Animal distal gut	10422	stool	mouse gut metagenome	male	410661	OSA	98.9	27.1	g	10422.30.F.11	0
70	10422.29.F.9	14.0	weeks	29-F-9	UBERON:feces	UBERON:feces	UBERON:feces	On counter	8	2016-03-15 10:00	feces mouse 29 collection 9 of 13	HFD	True	12/8/16	193	Host-associated	Animal	Animal distal gut	urban biome	animal-associated habitat	feces	host-associated	6 weeks	2/16/16	Air	LDLR knockout	USA:CA:San Diego	mouse	Mus musculus	Mouse 29	10090	32.842	Adult	-117.258	29	UCSD LBR -80 freezer	True	Host-associated	Animal	Animal distal gut	10422	stool	mouse gut metagenome	male	410661	OSA	107.7	29.0	g	10422.29.F.9	0
71	10422.30.F.5	12.0	weeks	30-F-5	UBERON:feces	UBERON:feces	UBERON:feces	On counter	8	2016-03-01 10:00	feces mouse 30 collection 5 of 13	HFD	True	12/8/16	193	Host-associated	Animal	Animal distal gut	urban biome	animal-associated habitat	feces	host-associated	6 weeks	2/16/16	Air	LDLR knockout	USA:CA:San Diego	mouse	Mus musculus	Mouse 30	10090	32.842	Adult	-117.258	30	UCSD LBR -80 freezer	True	Host-associated	Animal	Animal distal gut	10422	stool	mouse gut metagenome	male	410661	OSA	89.6	24.9	g	10422.30.F.5	0
72	10422.28.F.7	13.0	weeks	28-F-7	UBERON:feces	UBERON:feces	UBERON:feces	On counter	7	2016-03-08 10:00	feces mouse 28 collection 7 of 13	HFD	True	12/8/16	193	Host-associated	Animal	Animal distal gut	urban biome	animal-associated habitat	feces	host-associated	6 weeks	2/16/16	Air	LDLR knockout	USA:CA:San Diego	mouse	Mus musculus	Mouse 28	10090	32.842	Adult	-117.258	28	UCSD LBR -80 freezer	True	Host-associated	Animal	Animal distal gut	10422	stool	mouse gut metagenome	male	410661	OSA	82.6	27.0	g	10422.28.F.7	0
73	10422.31.F.10	14.5	weeks	31-F-10	UBERON:feces	UBERON:feces	UBERON:feces	On counter	8	2016-03-18 10:00	feces mouse 31 collection 10 of 13	HFD	True	12/8/16	193	Host-associated	Animal	Animal distal gut	urban biome	animal-associated habitat	feces	host-associated	6 weeks	2/16/16	Air	LDLR knockout	USA:CA:San Diego	mouse	Mus musculus	Mouse 31	10090	32.842	Adult	-117.258	31	UCSD LBR -80 freezer	True	Host-associated	Animal	Animal distal gut	10422	stool	mouse gut metagenome	male	410661	OSA	Missing: Not provided	28.0	g	10422.31.F.10	0
74	10422.29.F.12	15.5	weeks	29-F-12	UBERON:feces	UBERON:feces	UBERON:feces	On counter	8	2016-03-25 10:00	feces mouse 29 collection 12 of 13	HFD	True	12/8/16	193	Host-associated	Animal	Animal distal gut	urban biome	animal-associated habitat	feces	host-associated	6 weeks	2/16/16	Air	LDLR knockout	USA:CA:San Diego	mouse	Mus musculus	Mouse 29	10090	32.842	Adult	-117.258	29	UCSD LBR -80 freezer	True	Host-associated	Animal	Animal distal gut	10422	stool	mouse gut metagenome	male	410661	OSA	Missing: Not provided	31.7	g	10422.29.F.12	0
75	10422.27.F.11	15.0	weeks	27-F-11	UBERON:feces	UBERON:feces	UBERON:feces	On counter	7	2016-03-22 10:00	feces mouse 27 collection 11 of 13	HFD	True	12/8/16	193	Host-associated	Animal	Animal distal gut	urban biome	animal-associated habitat	feces	host-associated	6 weeks	2/16/16	Air	LDLR knockout	USA:CA:San Diego	mouse	Mus musculus	Mouse 27	10090	32.842	Adult	-117.258	27	UCSD LBR -80 freezer	True	Host-associated	Animal	Animal distal gut	10422	stool	mouse gut metagenome	male	410661	OSA	86.8	28.9	g	10422.27.F.11	0
76	10422.28.F.9	14.0	weeks	28-F-9	UBERON:feces	UBERON:feces	UBERON:feces	On counter	7	2016-03-15 10:00	feces mouse 28 collection 9 of 13	HFD	True	12/8/16	193	Host-associated	Animal	Animal distal gut	urban biome	animal-associated habitat	feces	host-associated	6 weeks	2/16/16	Air	LDLR knockout	USA:CA:San Diego	mouse	Mus musculus	Mouse 28	10090	32.842	Adult	-117.258	28	UCSD LBR -80 freezer	True	Host-associated	Animal	Animal distal gut	10422	stool	mouse gut metagenome	male	410661	OSA	85.9	27.3	g	10422.28.F.9	0
77	10422.26.F.5	12.0	weeks	26-F-5	UBERON:feces	UBERON:feces	UBERON:feces	On counter	7	2016-03-01 10:00	feces mouse 26 collection 5 of 13	HFD	True	12/8/16	193	Host-associated	Animal	Animal distal gut	urban biome	animal-associated habitat	feces	host-associated	6 weeks	2/16/16	Air	LDLR knockout	USA:CA:San Diego	mouse	Mus musculus	Mouse 26	10090	32.842	Adult	-117.258	26	UCSD LBR -80 freezer	True	Host-associated	Animal	Animal distal gut	10422	stool	mouse gut metagenome	male	410661	OSA	81.5	26.1	g	10422.26.F.5	0
78	10422.28.F.5	12.0	weeks	28-F-5	UBERON:feces	UBERON:feces	UBERON:feces	On counter	7	2016-03-01 10:00	feces mouse 28 collection 5 of 13	HFD	True	12/8/16	193	Host-associated	Animal	Animal distal gut	urban biome	animal-associated habitat	feces	host-associated	6 weeks	2/16/16	Air	LDLR knockout	USA:CA:San Diego	mouse	Mus musculus	Mouse 28	10090	32.842	Adult	-117.258	28	UCSD LBR -80 freezer	True	Host-associated	Animal	Animal distal gut	10422	stool	mouse gut metagenome	male	410661	OSA	81.5	26.2	g	10422.28.F.5	0
79	10422.28.F.11	15.0	weeks	28-F-11	UBERON:feces	UBERON:feces	UBERON:feces	On counter	7	2016-03-22 10:00	feces mouse 28 collection 11 of 13	HFD	True	12/8/16	193	Host-associated	Animal	Animal distal gut	urban biome	animal-associated habitat	feces	host-associated	6 weeks	2/16/16	Air	LDLR knockout	USA:CA:San Diego	mouse	Mus musculus	Mouse 28	10090	32.842	Adult	-117.258	28	UCSD LBR -80 freezer	True	Host-associated	Animal	Animal distal gut	10422	stool	mouse gut metagenome	male	410661	OSA	86.8	28.0	g	10422.28.F.11	0
80	10422.25.F.11	15.0	weeks	25-F-11	UBERON:feces	UBERON:feces	UBERON:feces	On counter	7	2016-03-22 10:00	feces mouse 25 collection 11 of 13	HFD	True	12/8/16	193	Host-associated	Animal	Animal distal gut	urban biome	animal-associated habitat	feces	host-associated	6 weeks	2/16/16	Air	LDLR knockout	USA:CA:San Diego	mouse	Mus musculus	Mouse 25	10090	32.842	Adult	-117.258	25	UCSD LBR -80 freezer	True	Host-associated	Animal	Animal distal gut	10422	stool	mouse gut metagenome	male	410661	OSA	86.8	28.2	g	10422.25.F.11	0
81	10422.27.F.10	14.5	weeks	27-F-10	UBERON:feces	UBERON:feces	UBERON:feces	On counter	7	2016-03-18 10:00	feces mouse 27 collection 10 of 13	HFD	True	12/8/16	193	Host-associated	Animal	Animal distal gut	urban biome	animal-associated habitat	feces	host-associated	6 weeks	2/16/16	Air	LDLR knockout	USA:CA:San Diego	mouse	Mus musculus	Mouse 27	10090	32.842	Adult	-117.258	27	UCSD LBR -80 freezer	True	Host-associated	Animal	Animal distal gut	10422	stool	mouse gut metagenome	male	410661	OSA	Missing: Not provided	28.5	g	10422.27.F.10	0
82	10422.28.F.1	10.0	weeks	28-F-1	UBERON:feces	UBERON:feces	UBERON:feces	On counter	7	2016-02-16 10:00	baseline feces mouse 28 collection 1 of 13	HFD	True	12/8/16	193	Host-associated	Animal	Animal distal gut	urban biome	animal-associated habitat	feces	host-associated	6 weeks	2/16/16	Air	LDLR knockout	USA:CA:San Diego	mouse	Mus musculus	Mouse 28	10090	32.842	Adult	-117.258	28	UCSD LBR -80 freezer	True	Host-associated	Animal	Animal distal gut	10422	stool	mouse gut metagenome	male	410661	OSA	Not applicable	24.8	g	10422.28.F.1	0
83	10422.27.F.6	12.5	weeks	27-F-6	UBERON:feces	UBERON:feces	UBERON:feces	On counter	7	2016-03-04 10:00	feces mouse 27 collection 6 of 13	HFD	True	12/8/16	193	Host-associated	Animal	Animal distal gut	urban biome	animal-associated habitat	feces	host-associated	6 weeks	2/16/16	Air	LDLR knockout	USA:CA:San Diego	mouse	Mus musculus	Mouse 27	10090	32.842	Adult	-117.258	27	UCSD LBR -80 freezer	True	Host-associated	Animal	Animal distal gut	10422	stool	mouse gut metagenome	male	410661	OSA	Missing: Not provided	26.8	g	10422.27.F.6	0
84	10422.31.F.2	10.5	weeks	31-F-2	UBERON:feces	UBERON:feces	UBERON:feces	On counter	8	2016-02-19 10:00	feces mouse 31 collection 2 of 13	HFD	True	12/8/16	193	Host-associated	Animal	Animal distal gut	urban biome	animal-associated habitat	feces	host-associated	6 weeks	2/16/16	Air	LDLR knockout	USA:CA:San Diego	mouse	Mus musculus	Mouse 31	10090	32.842	Adult	-117.258	31	UCSD LBR -80 freezer	True	Host-associated	Animal	Animal distal gut	10422	stool	mouse gut metagenome	male	410661	OSA	Missing: Not provided	23.8	g	10422.31.F.2	0
85	10422.32.F.12	15.5	weeks	32-F-12	UBERON:feces	UBERON:feces	UBERON:feces	On counter	8	2016-03-25 10:00	feces mouse 32 collection 12 of 13	HFD	True	12/8/16	193	Host-associated	Animal	Animal distal gut	urban biome	animal-associated habitat	feces	host-associated	6 weeks	2/16/16	Air	LDLR knockout	USA:CA:San Diego	mouse	Mus musculus	Mouse 32	10090	32.842	Adult	-117.258	32	UCSD LBR -80 freezer	True	Host-associated	Animal	Animal distal gut	10422	stool	mouse gut metagenome	male	410661	OSA	Missing: Not provided	30.9	g	10422.32.F.12	0
86	10422.25.F.7	13.0	weeks	25-F-7	UBERON:feces	UBERON:feces	UBERON:feces	On counter	7	2016-03-08 10:00	feces mouse 25 collection 7 of 13	HFD	True	12/8/16	193	Host-associated	Animal	Animal distal gut	urban biome	animal-associated habitat	feces	host-associated	6 weeks	2/16/16	Air	LDLR knockout	USA:CA:San Diego	mouse	Mus musculus	Mouse 25	10090	32.842	Adult	-117.258	25	UCSD LBR -80 freezer	True	Host-associated	Animal	Animal distal gut	10422	stool	mouse gut metagenome	male	410661	OSA	82.6	26.5	g	10422.25.F.7	0
87	10422.30.F.9	14.0	weeks	30-F-9	UBERON:feces	UBERON:feces	UBERON:feces	On counter	8	2016-03-15 10:00	feces mouse 30 collection 9 of 13	HFD	True	12/8/16	193	Host-associated	Animal	Animal distal gut	urban biome	animal-associated habitat	feces	host-associated	6 weeks	2/16/16	Air	LDLR knockout	USA:CA:San Diego	mouse	Mus musculus	Mouse 30	10090	32.842	Adult	-117.258	30	UCSD LBR -80 freezer	True	Host-associated	Animal	Animal distal gut	10422	stool	mouse gut metagenome	male	410661	OSA	107.7	26.1	g	10422.30.F.9	0
88	10422.32.F.7	13.0	weeks	32-F-7	UBERON:feces	UBERON:feces	UBERON:feces	On counter	8	2016-03-08 10:00	feces mouse 32 collection 7 of 13	HFD	True	12/8/16	193	Host-associated	Animal	Animal distal gut	urban biome	animal-associated habitat	feces	host-associated	6 weeks	2/16/16	Air	LDLR knockout	USA:CA:San Diego	mouse	Mus musculus	Mouse 32	10090	32.842	Adult	-117.258	32	UCSD LBR -80 freezer	True	Host-associated	Animal	Animal distal gut	10422	stool	mouse gut metagenome	male	410661	OSA	106.3	27.8	g	10422.32.F.7	0
89	10422.29.F.7	13.0	weeks	29-F-7	UBERON:feces	UBERON:feces	UBERON:feces	On counter	8	2016-03-08 10:00	feces mouse 29 collection 7 of 13	HFD	True	12/8/16	193	Host-associated	Animal	Animal distal gut	urban biome	animal-associated habitat	feces	host-associated	6 weeks	2/16/16	Air	LDLR knockout	USA:CA:San Diego	mouse	Mus musculus	Mouse 29	10090	32.842	Adult	-117.258	29	UCSD LBR -80 freezer	True	Host-associated	Animal	Animal distal gut	10422	stool	mouse gut metagenome	male	410661	OSA	106.3	28.0	g	10422.29.F.7	0
90	10422.26.F.3	11.0	weeks	26-F-3	UBERON:feces	UBERON:feces	UBERON:feces	On counter	7	2016-02-23 10:00	feces mouse 26 collection 3 of 13	HFD	True	12/8/16	193	Host-associated	Animal	Animal distal gut	urban biome	animal-associated habitat	feces	host-associated	6 weeks	2/16/16	Air	LDLR knockout	USA:CA:San Diego	mouse	Mus musculus	Mouse 26	10090	32.842	Adult	-117.258	26	UCSD LBR -80 freezer	True	Host-associated	Animal	Animal distal gut	10422	stool	mouse gut metagenome	male	410661	OSA	92.1	25.4	g	10422.26.F.3	0
91	10422.28.F.8	13.5	weeks	28-F-8	UBERON:feces	UBERON:feces	UBERON:feces	On counter	7	2016-03-11 10:00	feces mouse 28 collection 8 of 13	HFD	True	12/8/16	193	Host-associated	Animal	Animal distal gut	urban biome	animal-associated habitat	feces	host-associated	6 weeks	2/16/16	Air	LDLR knockout	USA:CA:San Diego	mouse	Mus musculus	Mouse 28	10090	32.842	Adult	-117.258	28	UCSD LBR -80 freezer	True	Host-associated	Animal	Animal distal gut	10422	stool	mouse gut metagenome	male	410661	OSA	Missing: Not provided	27.4	g	10422.28.F.8	0
92	10422.22.F.13	16.0	weeks	22-F-13	UBERON:feces	UBERON:feces	UBERON:feces	In chamber	6	2016-03-29 10:00	final feces mouse 22 collection 13 of 13	HFD	True	12/8/16	193	Host-associated	Animal	Animal distal gut	urban biome	animal-associated habitat	feces	host-associated	6 weeks	2/16/16	IHH	LDLR knockout	USA:CA:San Diego	mouse	Mus musculus	Mouse 22	10090	32.842	Adult	-117.258	22	UCSD LBR -80 freezer	True	Host-associated	Animal	Animal distal gut	10422	stool	mouse gut metagenome	male	410661	OSA	84.5	26.0	g	10422.22.F.13	1
93	10422.22.F.7	13.0	weeks	22-F-7	UBERON:feces	UBERON:feces	UBERON:feces	In chamber	6	2016-03-08 10:00	feces mouse 22 collection 7 of 13	HFD	True	12/8/16	193	Host-associated	Animal	Animal distal gut	urban biome	animal-associated habitat	feces	host-associated	6 weeks	2/16/16	IHH	LDLR knockout	USA:CA:San Diego	mouse	Mus musculus	Mouse 22	10090	32.842	Adult	-117.258	22	UCSD LBR -80 freezer	True	Host-associated	Animal	Animal distal gut	10422	stool	mouse gut metagenome	male	410661	OSA	79.1	24.0	g	10422.22.F.7	1
94	10422.18.F.5	12.0	weeks	18-F-5	UBERON:feces	UBERON:feces	UBERON:feces	In chamber	5	2016-03-01 10:00	feces mouse 18 collection 5 of 13	HFD	True	12/8/16	193	Host-associated	Animal	Animal distal gut	urban biome	animal-associated habitat	feces	host-associated	6 weeks	2/16/16	IHH	LDLR knockout	USA:CA:San Diego	mouse	Mus musculus	Mouse 18	10090	32.842	Adult	-117.258	18	UCSD LBR -80 freezer	True	Host-associated	Animal	Animal distal gut	10422	stool	mouse gut metagenome	male	410661	OSA	71.4	25.8	g	10422.18.F.5	1
95	10422.24.F.13	16.0	weeks	24-F-13	UBERON:feces	UBERON:feces	UBERON:feces	In chamber	6	2016-03-29 10:00	final feces mouse 24 collection 13 of 13	HFD	True	12/8/16	193	Host-associated	Animal	Animal distal gut	urban biome	animal-associated habitat	feces	host-associated	6 weeks	2/16/16	IHH	LDLR knockout	USA:CA:San Diego	mouse	Mus musculus	Mouse 24	10090	32.842	Adult	-117.258	24	UCSD LBR -80 freezer	True	Host-associated	Animal	Animal distal gut	10422	stool	mouse gut metagenome	male	410661	OSA	84.5	29.1	g	10422.24.F.13	1
96	10422.23.F.5	12.0	weeks	23-F-5	UBERON:feces	UBERON:feces	UBERON:feces	In chamber	6	2016-03-01 10:00	feces mouse 23 collection 5 of 13	HFD	True	12/8/16	193	Host-associated	Animal	Animal distal gut	urban biome	animal-associated habitat	feces	host-associated	6 weeks	2/16/16	IHH	LDLR knockout	USA:CA:San Diego	mouse	Mus musculus	Mouse 23	10090	32.842	Adult	-117.258	23	UCSD LBR -80 freezer	True	Host-associated	Animal	Animal distal gut	10422	stool	mouse gut metagenome	male	410661	OSA	80.2	23.9	g	10422.23.F.5	1
97	10422.18.F.9	14.0	weeks	18-F-9	UBERON:feces	UBERON:feces	UBERON:feces	In chamber	5	2016-03-15 10:00	feces mouse 18 collection 9 of 13	HFD	True	12/8/16	193	Host-associated	Animal	Animal distal gut	urban biome	animal-associated habitat	feces	host-associated	6 weeks	2/16/16	IHH	LDLR knockout	USA:CA:San Diego	mouse	Mus musculus	Mouse 18	10090	32.842	Adult	-117.258	18	UCSD LBR -80 freezer	True	Host-associated	Animal	Animal distal gut	10422	stool	mouse gut metagenome	male	410661	OSA	73.2	26.4	g	10422.18.F.9	1
98	10422.23.F.13	16.0	weeks	23-F-13	UBERON:feces	UBERON:feces	UBERON:feces	In chamber	6	2016-03-29 10:00	final feces mouse 23 collection 13 of 13	HFD	True	12/8/16	193	Host-associated	Animal	Animal distal gut	urban biome	animal-associated habitat	feces	host-associated	6 weeks	2/16/16	IHH	LDLR knockout	USA:CA:San Diego	mouse	Mus musculus	Mouse 23	10090	32.842	Adult	-117.258	23	UCSD LBR -80 freezer	True	Host-associated	Animal	Animal distal gut	10422	stool	mouse gut metagenome	male	410661	OSA	84.5	26.6	g	10422.23.F.13	1
99	10422.22.F.2	10.5	weeks	22-F-2	UBERON:feces	UBERON:feces	UBERON:feces	In chamber	6	2016-02-19 10:00	feces mouse 22 collection 2 of 13	HFD	True	12/8/16	193	Host-associated	Animal	Animal distal gut	urban biome	animal-associated habitat	feces	host-associated	6 weeks	2/16/16	IHH	LDLR knockout	USA:CA:San Diego	mouse	Mus musculus	Mouse 22	10090	32.842	Adult	-117.258	22	UCSD LBR -80 freezer	True	Host-associated	Animal	Animal distal gut	10422	stool	mouse gut metagenome	male	410661	OSA	Missing: Not provided	22.1	g	10422.22.F.2	1
100	10422.17.F.8	13.5	weeks	17-F-8	UBERON:feces	UBERON:feces	UBERON:feces	In chamber	5	2016-03-11 10:00	feces mouse 17 collection 8 of 13	HFD	True	12/8/16	193	Host-associated	Animal	Animal distal gut	urban biome	animal-associated habitat	feces	host-associated	6 weeks	2/16/16	IHH	LDLR knockout	USA:CA:San Diego	mouse	Mus musculus	Mouse 17	10090	32.842	Adult	-117.258	17	UCSD LBR -80 freezer	True	Host-associated	Animal	Animal distal gut	10422	stool	mouse gut metagenome	male	410661	OSA	Missing: Not provided	24.8	g	10422.17.F.8	1
101	10422.22.F.12	15.5	weeks	22-F-12	UBERON:feces	UBERON:feces	UBERON:feces	In chamber	6	2016-03-25 10:00	feces mouse 22 collection 12 of 13	HFD	True	12/8/16	193	Host-associated	Animal	Animal distal gut	urban biome	animal-associated habitat	feces	host-associated	6 weeks	2/16/16	IHH	LDLR knockout	USA:CA:San Diego	mouse	Mus musculus	Mouse 22	10090	32.842	Adult	-117.258	22	UCSD LBR -80 freezer	True	Host-associated	Animal	Animal distal gut	10422	stool	mouse gut metagenome	male	410661	OSA	Missing: Not provided	26.2	g	10422.22.F.12	1
102	10422.21.F.9	14.0	weeks	21-F-9	UBERON:feces	UBERON:feces	UBERON:feces	In chamber	6	2016-03-15 10:00	feces mouse 21 collection 9 of 13	HFD	True	12/8/16	193	Host-associated	Animal	Animal distal gut	urban biome	animal-associated habitat	feces	host-associated	6 weeks	2/16/16	IHH	LDLR knockout	USA:CA:San Diego	mouse	Mus musculus	Mouse 21	10090	32.842	Adult	-117.258	21	UCSD LBR -80 freezer	True	Host-associated	Animal	Animal distal gut	10422	stool	mouse gut metagenome	male	410661	OSA	80.9	27.0	g	10422.21.F.9	1
103	10422.23.F.12	15.5	weeks	23-F-12	UBERON:feces	UBERON:feces	UBERON:feces	In chamber	6	2016-03-25 10:00	feces mouse 23 collection 12 of 13	HFD	True	12/8/16	193	Host-associated	Animal	Animal distal gut	urban biome	animal-associated habitat	feces	host-associated	6 weeks	2/16/16	IHH	LDLR knockout	USA:CA:San Diego	mouse	Mus musculus	Mouse 23	10090	32.842	Adult	-117.258	23	UCSD LBR -80 freezer	True	Host-associated	Animal	Animal distal gut	10422	stool	mouse gut metagenome	male	410661	OSA	Missing: Not provided	26.9	g	10422.23.F.12	1
104	10422.20.F.5	12.0	weeks	20-F-5	UBERON:feces	UBERON:feces	UBERON:feces	In chamber	5	2016-03-01 10:00	feces mouse 20 collection 5 of 13	HFD	True	12/8/16	193	Host-associated	Animal	Animal distal gut	urban biome	animal-associated habitat	feces	host-associated	6 weeks	2/16/16	IHH	LDLR knockout	USA:CA:San Diego	mouse	Mus musculus	Mouse 20	10090	32.842	Adult	-117.258	20	UCSD LBR -80 freezer	True	Host-associated	Animal	Animal distal gut	10422	stool	mouse gut metagenome	male	410661	OSA	71.4	25.8	g	10422.20.F.5	1
105	10422.24.F.8	13.5	weeks	24-F-8	UBERON:feces	UBERON:feces	UBERON:feces	In chamber	6	2016-03-11 10:00	feces mouse 24 collection 8 of 13	HFD	True	12/8/16	193	Host-associated	Animal	Animal distal gut	urban biome	animal-associated habitat	feces	host-associated	6 weeks	2/16/16	IHH	LDLR knockout	USA:CA:San Diego	mouse	Mus musculus	Mouse 24	10090	32.842	Adult	-117.258	24	UCSD LBR -80 freezer	True	Host-associated	Animal	Animal distal gut	10422	stool	mouse gut metagenome	male	410661	OSA	Missing: Not provided	28.1	g	10422.24.F.8	1
106	10422.23.F.8	13.5	weeks	23-F-8	UBERON:feces	UBERON:feces	UBERON:feces	In chamber	6	2016-03-11 10:00	feces mouse 23 collection 8 of 13	HFD	True	12/8/16	193	Host-associated	Animal	Animal distal gut	urban biome	animal-associated habitat	feces	host-associated	6 weeks	2/16/16	IHH	LDLR knockout	USA:CA:San Diego	mouse	Mus musculus	Mouse 23	10090	32.842	Adult	-117.258	23	UCSD LBR -80 freezer	True	Host-associated	Animal	Animal distal gut	10422	stool	mouse gut metagenome	male	410661	OSA	Missing: Not provided	25.5	g	10422.23.F.8	1
107	10422.24.F.5	12.0	weeks	24-F-5	UBERON:feces	UBERON:feces	UBERON:feces	In chamber	6	2016-03-01 10:00	feces mouse 24 collection 5 of 13	HFD	True	12/8/16	193	Host-associated	Animal	Animal distal gut	urban biome	animal-associated habitat	feces	host-associated	6 weeks	2/16/16	IHH	LDLR knockout	USA:CA:San Diego	mouse	Mus musculus	Mouse 24	10090	32.842	Adult	-117.258	24	UCSD LBR -80 freezer	True	Host-associated	Animal	Animal distal gut	10422	stool	mouse gut metagenome	male	410661	OSA	80.2	26.9	g	10422.24.F.5	1
108	10422.19.F.13	16.0	weeks	19-F-13	UBERON:feces	UBERON:feces	UBERON:feces	In chamber	5	2016-03-29 10:00	final feces mouse 19 collection 13 of 13	HFD	True	12/8/16	193	Host-associated	Animal	Animal distal gut	urban biome	animal-associated habitat	feces	host-associated	6 weeks	2/16/16	IHH	LDLR knockout	USA:CA:San Diego	mouse	Mus musculus	Mouse 19	10090	32.842	Adult	-117.258	19	UCSD LBR -80 freezer	True	Host-associated	Animal	Animal distal gut	10422	stool	mouse gut metagenome	male	410661	OSA	71.7	28.4	g	10422.19.F.13	1
109	10422.18.F.3	11.0	weeks	18-F-3	UBERON:feces	UBERON:feces	UBERON:feces	In chamber	5	2016-02-23 10:00	feces mouse 18 collection 3 of 13	HFD	True	12/8/16	193	Host-associated	Animal	Animal distal gut	urban biome	animal-associated habitat	feces	host-associated	6 weeks	2/16/16	IHH	LDLR knockout	USA:CA:San Diego	mouse	Mus musculus	Mouse 18	10090	32.842	Adult	-117.258	18	UCSD LBR -80 freezer	True	Host-associated	Animal	Animal distal gut	10422	stool	mouse gut metagenome	male	410661	OSA	105.7	26.8	g	10422.18.F.3	1
110	10422.19.F.9	14.0	weeks	19-F-9	UBERON:feces	UBERON:feces	UBERON:feces	In chamber	5	2016-03-15 10:00	feces mouse 19 collection 9 of 13	HFD	True	12/8/16	193	Host-associated	Animal	Animal distal gut	urban biome	animal-associated habitat	feces	host-associated	6 weeks	2/16/16	IHH	LDLR knockout	USA:CA:San Diego	mouse	Mus musculus	Mouse 19	10090	32.842	Adult	-117.258	19	UCSD LBR -80 freezer	True	Host-associated	Animal	Animal distal gut	10422	stool	mouse gut metagenome	male	410661	OSA	73.2	27.1	g	10422.19.F.9	1
111	10422.23.F.9	14.0	weeks	23-F-9	UBERON:feces	UBERON:feces	UBERON:feces	In chamber	6	2016-03-15 10:00	feces mouse 23 collection 9 of 13	HFD	True	12/8/16	193	Host-associated	Animal	Animal distal gut	urban biome	animal-associated habitat	feces	host-associated	6 weeks	2/16/16	IHH	LDLR knockout	USA:CA:San Diego	mouse	Mus musculus	Mouse 23	10090	32.842	Adult	-117.258	23	UCSD LBR -80 freezer	True	Host-associated	Animal	Animal distal gut	10422	stool	mouse gut metagenome	male	410661	OSA	80.9	25.5	g	10422.23.F.9	1
112	10422.21.F.4	11.5	weeks	21-F-4	UBERON:feces	UBERON:feces	UBERON:feces	In chamber	6	2016-02-26 10:00	feces mouse 21 collection 4 of 13	HFD	True	12/8/16	193	Host-associated	Animal	Animal distal gut	urban biome	animal-associated habitat	feces	host-associated	6 weeks	2/16/16	IHH	LDLR knockout	USA:CA:San Diego	mouse	Mus musculus	Mouse 21	10090	32.842	Adult	-117.258	21	UCSD LBR -80 freezer	True	Host-associated	Animal	Animal distal gut	10422	stool	mouse gut metagenome	male	410661	OSA	Missing: Not provided	26.0	g	10422.21.F.4	1
113	10422.18.F.12	15.5	weeks	18-F-12	UBERON:feces	UBERON:feces	UBERON:feces	In chamber	5	2016-03-25 10:00	feces mouse 18 collection 12 of 13	HFD	True	12/8/16	193	Host-associated	Animal	Animal distal gut	urban biome	animal-associated habitat	feces	host-associated	6 weeks	2/16/16	IHH	LDLR knockout	USA:CA:San Diego	mouse	Mus musculus	Mouse 18	10090	32.842	Adult	-117.258	18	UCSD LBR -80 freezer	True	Host-associated	Animal	Animal distal gut	10422	stool	mouse gut metagenome	male	410661	OSA	Missing: Not provided	27.0	g	10422.18.F.12	1
114	10422.20.F.13	16.0	weeks	20-F-13	UBERON:feces	UBERON:feces	UBERON:feces	In chamber	5	2016-03-29 10:00	final feces mouse 20 collection 13 of 13	HFD	True	12/8/16	193	Host-associated	Animal	Animal distal gut	urban biome	animal-associated habitat	feces	host-associated	6 weeks	2/16/16	IHH	LDLR knockout	USA:CA:San Diego	mouse	Mus musculus	Mouse 20	10090	32.842	Adult	-117.258	20	UCSD LBR -80 freezer	True	Host-associated	Animal	Animal distal gut	10422	stool	mouse gut metagenome	male	410661	OSA	71.7	26.8	g	10422.20.F.13	1
115	10422.20.F.12	15.5	weeks	20-F-12	UBERON:feces	UBERON:feces	UBERON:feces	In chamber	5	2016-03-25 10:00	feces mouse 20 collection 12 of 13	HFD	True	12/8/16	193	Host-associated	Animal	Animal distal gut	urban biome	animal-associated habitat	feces	host-associated	6 weeks	2/16/16	IHH	LDLR knockout	USA:CA:San Diego	mouse	Mus musculus	Mouse 20	10090	32.842	Adult	-117.258	20	UCSD LBR -80 freezer	True	Host-associated	Animal	Animal distal gut	10422	stool	mouse gut metagenome	male	410661	OSA	Missing: Not provided	26.7	g	10422.20.F.12	1
116	10422.20.F.7	13.0	weeks	20-F-7	UBERON:feces	UBERON:feces	UBERON:feces	In chamber	5	2016-03-08 10:00	feces mouse 20 collection 7 of 13	HFD	True	12/8/16	193	Host-associated	Animal	Animal distal gut	urban biome	animal-associated habitat	feces	host-associated	6 weeks	2/16/16	IHH	LDLR knockout	USA:CA:San Diego	mouse	Mus musculus	Mouse 20	10090	32.842	Adult	-117.258	20	UCSD LBR -80 freezer	True	Host-associated	Animal	Animal distal gut	10422	stool	mouse gut metagenome	male	410661	OSA	65.4	25.1	g	10422.20.F.7	1
117	10422.17.F.10	14.5	weeks	17-F-10	UBERON:feces	UBERON:feces	UBERON:feces	In chamber	5	2016-03-18 10:00	feces mouse 17 collection 10 of 13	HFD	True	12/8/16	193	Host-associated	Animal	Animal distal gut	urban biome	animal-associated habitat	feces	host-associated	6 weeks	2/16/16	IHH	LDLR knockout	USA:CA:San Diego	mouse	Mus musculus	Mouse 17	10090	32.842	Adult	-117.258	17	UCSD LBR -80 freezer	True	Host-associated	Animal	Animal distal gut	10422	stool	mouse gut metagenome	male	410661	OSA	Missing: Not provided	25.6	g	10422.17.F.10	1
118	10422.19.F.5	12.0	weeks	19-F-5	UBERON:feces	UBERON:feces	UBERON:feces	In chamber	5	2016-03-01 10:00	feces mouse 19 collection 5 of 13	HFD	True	12/8/16	193	Host-associated	Animal	Animal distal gut	urban biome	animal-associated habitat	feces	host-associated	6 weeks	2/16/16	IHH	LDLR knockout	USA:CA:San Diego	mouse	Mus musculus	Mouse 19	10090	32.842	Adult	-117.258	19	UCSD LBR -80 freezer	True	Host-associated	Animal	Animal distal gut	10422	stool	mouse gut metagenome	male	410661	OSA	71.4	25.9	g	10422.19.F.5	1
119	10422.17.F.11	15.0	weeks	17-F-11	UBERON:feces	UBERON:feces	UBERON:feces	In chamber	5	2016-03-22 10:00	feces mouse 17 collection 11 of 13	HFD	True	12/8/16	193	Host-associated	Animal	Animal distal gut	urban biome	animal-associated habitat	feces	host-associated	6 weeks	2/16/16	IHH	LDLR knockout	USA:CA:San Diego	mouse	Mus musculus	Mouse 17	10090	32.842	Adult	-117.258	17	UCSD LBR -80 freezer	True	Host-associated	Animal	Animal distal gut	10422	stool	mouse gut metagenome	male	410661	OSA	71.8	25.2	g	10422.17.F.11	1
120	10422.19.F.10	14.5	weeks	19-F-10	UBERON:feces	UBERON:feces	UBERON:feces	In chamber	5	2016-03-18 10:00	feces mouse 19 collection 10 of 13	HFD	True	12/8/16	193	Host-associated	Animal	Animal distal gut	urban biome	animal-associated habitat	feces	host-associated	6 weeks	2/16/16	IHH	LDLR knockout	USA:CA:San Diego	mouse	Mus musculus	Mouse 19	10090	32.842	Adult	-117.258	19	UCSD LBR -80 freezer	True	Host-associated	Animal	Animal distal gut	10422	stool	mouse gut metagenome	male	410661	OSA	Missing: Not provided	28.0	g	10422.19.F.10	1
121	10422.17.F.4	11.5	weeks	17-F-4	UBERON:feces	UBERON:feces	UBERON:feces	In chamber	5	2016-02-26 10:00	feces mouse 17 collection 4 of 13	HFD	True	12/8/16	193	Host-associated	Animal	Animal distal gut	urban biome	animal-associated habitat	feces	host-associated	6 weeks	2/16/16	IHH	LDLR knockout	USA:CA:San Diego	mouse	Mus musculus	Mouse 17	10090	32.842	Adult	-117.258	17	UCSD LBR -80 freezer	True	Host-associated	Animal	Animal distal gut	10422	stool	mouse gut metagenome	male	410661	OSA	Missing: Not provided	24.0	g	10422.17.F.4	1
122	10422.18.F.4	11.5	weeks	18-F-4	UBERON:feces	UBERON:feces	UBERON:feces	In chamber	5	2016-02-26 10:00	feces mouse 18 collection 4 of 13	HFD	True	12/8/16	193	Host-associated	Animal	Animal distal gut	urban biome	animal-associated habitat	feces	host-associated	6 weeks	2/16/16	IHH	LDLR knockout	USA:CA:San Diego	mouse	Mus musculus	Mouse 18	10090	32.842	Adult	-117.258	18	UCSD LBR -80 freezer	True	Host-associated	Animal	Animal distal gut	10422	stool	mouse gut metagenome	male	410661	OSA	Missing: Not provided	26.0	g	10422.18.F.4	1
123	10422.17.F.5	12.0	weeks	17-F-5	UBERON:feces	UBERON:feces	UBERON:feces	In chamber	5	2016-03-01 10:00	feces mouse 17 collection 5 of 13	HFD	True	12/8/16	193	Host-associated	Animal	Animal distal gut	urban biome	animal-associated habitat	feces	host-associated	6 weeks	2/16/16	IHH	LDLR knockout	USA:CA:San Diego	mouse	Mus musculus	Mouse 17	10090	32.842	Adult	-117.258	17	UCSD LBR -80 freezer	True	Host-associated	Animal	Animal distal gut	10422	stool	mouse gut metagenome	male	410661	OSA	71.4	24.3	g	10422.17.F.5	1
124	10422.23.F.3	11.0	weeks	23-F-3	UBERON:feces	UBERON:feces	UBERON:feces	In chamber	6	2016-02-23 10:00	feces mouse 23 collection 3 of 13	HFD	True	12/8/16	193	Host-associated	Animal	Animal distal gut	urban biome	animal-associated habitat	feces	host-associated	6 weeks	2/16/16	IHH	LDLR knockout	USA:CA:San Diego	mouse	Mus musculus	Mouse 23	10090	32.842	Adult	-117.258	23	UCSD LBR -80 freezer	True	Host-associated	Animal	Animal distal gut	10422	stool	mouse gut metagenome	male	410661	OSA	109.5	24.0	g	10422.23.F.3	1
125	10422.21.F.7	13.0	weeks	21-F-7	UBERON:feces	UBERON:feces	UBERON:feces	In chamber	6	2016-03-08 10:00	feces mouse 21 collection 7 of 13	HFD	True	12/8/16	193	Host-associated	Animal	Animal distal gut	urban biome	animal-associated habitat	feces	host-associated	6 weeks	2/16/16	IHH	LDLR knockout	USA:CA:San Diego	mouse	Mus musculus	Mouse 21	10090	32.842	Adult	-117.258	21	UCSD LBR -80 freezer	True	Host-associated	Animal	Animal distal gut	10422	stool	mouse gut metagenome	male	410661	OSA	79.1	26.9	g	10422.21.F.7	1
126	10422.24.F.9	14.0	weeks	24-F-9	UBERON:feces	UBERON:feces	UBERON:feces	In chamber	6	2016-03-15 10:00	feces mouse 24 collection 9 of 13	HFD	True	12/8/16	193	Host-associated	Animal	Animal distal gut	urban biome	animal-associated habitat	feces	host-associated	6 weeks	2/16/16	IHH	LDLR knockout	USA:CA:San Diego	mouse	Mus musculus	Mouse 24	10090	32.842	Adult	-117.258	24	UCSD LBR -80 freezer	True	Host-associated	Animal	Animal distal gut	10422	stool	mouse gut metagenome	male	410661	OSA	80.9	27.7	g	10422.24.F.9	1
127	10422.22.F.6	12.5	weeks	22-F-6	UBERON:feces	UBERON:feces	UBERON:feces	In chamber	6	2016-03-04 10:00	feces mouse 22 collection 6 of 13	HFD	True	12/8/16	193	Host-associated	Animal	Animal distal gut	urban biome	animal-associated habitat	feces	host-associated	6 weeks	2/16/16	IHH	LDLR knockout	USA:CA:San Diego	mouse	Mus musculus	Mouse 22	10090	32.842	Adult	-117.258	22	UCSD LBR -80 freezer	True	Host-associated	Animal	Animal distal gut	10422	stool	mouse gut metagenome	male	410661	OSA	Missing: Not provided	23.6	g	10422.22.F.6	1
128	10422.22.F.5	12.0	weeks	22-F-5	UBERON:feces	UBERON:feces	UBERON:feces	In chamber	6	2016-03-01 10:00	feces mouse 22 collection 5 of 13	HFD	True	12/8/16	193	Host-associated	Animal	Animal distal gut	urban biome	animal-associated habitat	feces	host-associated	6 weeks	2/16/16	IHH	LDLR knockout	USA:CA:San Diego	mouse	Mus musculus	Mouse 22	10090	32.842	Adult	-117.258	22	UCSD LBR -80 freezer	True	Host-associated	Animal	Animal distal gut	10422	stool	mouse gut metagenome	male	410661	OSA	80.2	23.0	g	10422.22.F.5	1
129	10422.23.F.4	11.5	weeks	23-F-4	UBERON:feces	UBERON:feces	UBERON:feces	In chamber	6	2016-02-26 10:00	feces mouse 23 collection 4 of 13	HFD	True	12/8/16	193	Host-associated	Animal	Animal distal gut	urban biome	animal-associated habitat	feces	host-associated	6 weeks	2/16/16	IHH	LDLR knockout	USA:CA:San Diego	mouse	Mus musculus	Mouse 23	10090	32.842	Adult	-117.258	23	UCSD LBR -80 freezer	True	Host-associated	Animal	Animal distal gut	10422	stool	mouse gut metagenome	male	410661	OSA	Missing: Not provided	24.4	g	10422.23.F.4	1
130	10422.19.F.7	13.0	weeks	19-F-7	UBERON:feces	UBERON:feces	UBERON:feces	In chamber	5	2016-03-08 10:00	feces mouse 19 collection 7 of 13	HFD	True	12/8/16	193	Host-associated	Animal	Animal distal gut	urban biome	animal-associated habitat	feces	host-associated	6 weeks	2/16/16	IHH	LDLR knockout	USA:CA:San Diego	mouse	Mus musculus	Mouse 19	10090	32.842	Adult	-117.258	19	UCSD LBR -80 freezer	True	Host-associated	Animal	Animal distal gut	10422	stool	mouse gut metagenome	male	410661	OSA	65.4	26.2	g	10422.19.F.7	1
131	10422.22.F.3	11.0	weeks	22-F-3	UBERON:feces	UBERON:feces	UBERON:feces	In chamber	6	2016-02-23 10:00	feces mouse 22 collection 3 of 13	HFD	True	12/8/16	193	Host-associated	Animal	Animal distal gut	urban biome	animal-associated habitat	feces	host-associated	6 weeks	2/16/16	IHH	LDLR knockout	USA:CA:San Diego	mouse	Mus musculus	Mouse 22	10090	32.842	Adult	-117.258	22	UCSD LBR -80 freezer	True	Host-associated	Animal	Animal distal gut	10422	stool	mouse gut metagenome	male	410661	OSA	109.5	22.9	g	10422.22.F.3	1
132	10422.24.F.4	11.5	weeks	24-F-4	UBERON:feces	UBERON:feces	UBERON:feces	In chamber	6	2016-02-26 10:00	feces mouse 24 collection 4 of 13	HFD	True	12/8/16	193	Host-associated	Animal	Animal distal gut	urban biome	animal-associated habitat	feces	host-associated	6 weeks	2/16/16	IHH	LDLR knockout	USA:CA:San Diego	mouse	Mus musculus	Mouse 24	10090	32.842	Adult	-117.258	24	UCSD LBR -80 freezer	True	Host-associated	Animal	Animal distal gut	10422	stool	mouse gut metagenome	male	410661	OSA	Missing: Not provided	26.8	g	10422.24.F.4	1
133	10422.21.F.8	13.5	weeks	21-F-8	UBERON:feces	UBERON:feces	UBERON:feces	In chamber	6	2016-03-11 10:00	feces mouse 21 collection 8 of 13	HFD	True	12/8/16	193	Host-associated	Animal	Animal distal gut	urban biome	animal-associated habitat	feces	host-associated	6 weeks	2/16/16	IHH	LDLR knockout	USA:CA:San Diego	mouse	Mus musculus	Mouse 21	10090	32.842	Adult	-117.258	21	UCSD LBR -80 freezer	True	Host-associated	Animal	Animal distal gut	10422	stool	mouse gut metagenome	male	410661	OSA	Missing: Not provided	27.0	g	10422.21.F.8	1
134	10422.18.F.8	13.5	weeks	18-F-8	UBERON:feces	UBERON:feces	UBERON:feces	In chamber	5	2016-03-11 10:00	feces mouse 18 collection 8 of 13	HFD	True	12/8/16	193	Host-associated	Animal	Animal distal gut	urban biome	animal-associated habitat	feces	host-associated	6 weeks	2/16/16	IHH	LDLR knockout	USA:CA:San Diego	mouse	Mus musculus	Mouse 18	10090	32.842	Adult	-117.258	18	UCSD LBR -80 freezer	True	Host-associated	Animal	Animal distal gut	10422	stool	mouse gut metagenome	male	410661	OSA	Missing: Not provided	26.3	g	10422.18.F.8	1
135	10422.21.F.12	15.5	weeks	21-F-12	UBERON:feces	UBERON:feces	UBERON:feces	In chamber	6	2016-03-25 10:00	feces mouse 21 collection 12 of 13	HFD	True	12/8/16	193	Host-associated	Animal	Animal distal gut	urban biome	animal-associated habitat	feces	host-associated	6 weeks	2/16/16	IHH	LDLR knockout	USA:CA:San Diego	mouse	Mus musculus	Mouse 21	10090	32.842	Adult	-117.258	21	UCSD LBR -80 freezer	True	Host-associated	Animal	Animal distal gut	10422	stool	mouse gut metagenome	male	410661	OSA	Missing: Not provided	28.4	g	10422.21.F.12	1
136	10422.21.F.10	14.5	weeks	21-F-10	UBERON:feces	UBERON:feces	UBERON:feces	In chamber	6	2016-03-18 10:00	feces mouse 21 collection 10 of 13	HFD	True	12/8/16	193	Host-associated	Animal	Animal distal gut	urban biome	animal-associated habitat	feces	host-associated	6 weeks	2/16/16	IHH	LDLR knockout	USA:CA:San Diego	mouse	Mus musculus	Mouse 21	10090	32.842	Adult	-117.258	21	UCSD LBR -80 freezer	True	Host-associated	Animal	Animal distal gut	10422	stool	mouse gut metagenome	male	410661	OSA	Missing: Not provided	28.3	g	10422.21.F.10	1
137	10422.20.F.6	12.5	weeks	20-F-6	UBERON:feces	UBERON:feces	UBERON:feces	In chamber	5	2016-03-04 10:00	feces mouse 20 collection 6 of 13	HFD	True	12/8/16	193	Host-associated	Animal	Animal distal gut	urban biome	animal-associated habitat	feces	host-associated	6 weeks	2/16/16	IHH	LDLR knockout	USA:CA:San Diego	mouse	Mus musculus	Mouse 20	10090	32.842	Adult	-117.258	20	UCSD LBR -80 freezer	True	Host-associated	Animal	Animal distal gut	10422	stool	mouse gut metagenome	male	410661	OSA	Missing: Not provided	25.4	g	10422.20.F.6	1
138	10422.24.F.12	15.5	weeks	24-F-12	UBERON:feces	UBERON:feces	UBERON:feces	In chamber	6	2016-03-25 10:00	feces mouse 24 collection 12 of 13	HFD	True	12/8/16	193	Host-associated	Animal	Animal distal gut	urban biome	animal-associated habitat	feces	host-associated	6 weeks	2/16/16	IHH	LDLR knockout	USA:CA:San Diego	mouse	Mus musculus	Mouse 24	10090	32.842	Adult	-117.258	24	UCSD LBR -80 freezer	True	Host-associated	Animal	Animal distal gut	10422	stool	mouse gut metagenome	male	410661	OSA	Missing: Not provided	29.2	g	10422.24.F.12	1
139	10422.19.F.8	13.5	weeks	19-F-8	UBERON:feces	UBERON:feces	UBERON:feces	In chamber	5	2016-03-11 10:00	feces mouse 19 collection 8 of 13	HFD	True	12/8/16	193	Host-associated	Animal	Animal distal gut	urban biome	animal-associated habitat	feces	host-associated	6 weeks	2/16/16	IHH	LDLR knockout	USA:CA:San Diego	mouse	Mus musculus	Mouse 19	10090	32.842	Adult	-117.258	19	UCSD LBR -80 freezer	True	Host-associated	Animal	Animal distal gut	10422	stool	mouse gut metagenome	male	410661	OSA	Missing: Not provided	26.7	g	10422.19.F.8	1
140	10422.23.F.2	10.5	weeks	23-F-2	UBERON:feces	UBERON:feces	UBERON:feces	In chamber	6	2016-02-19 10:00	feces mouse 23 collection 2 of 13	HFD	True	12/8/16	193	Host-associated	Animal	Animal distal gut	urban biome	animal-associated habitat	feces	host-associated	6 weeks	2/16/16	IHH	LDLR knockout	USA:CA:San Diego	mouse	Mus musculus	Mouse 23	10090	32.842	Adult	-117.258	23	UCSD LBR -80 freezer	True	Host-associated	Animal	Animal distal gut	10422	stool	mouse gut metagenome	male	410661	OSA	Missing: Not provided	23.5	g	10422.23.F.2	1
141	10422.17.F.13	16.0	weeks	17-F-13	UBERON:feces	UBERON:feces	UBERON:feces	In chamber	5	2016-03-29 10:00	final feces mouse 17 collection 13 of 13	HFD	True	12/8/16	193	Host-associated	Animal	Animal distal gut	urban biome	animal-associated habitat	feces	host-associated	6 weeks	2/16/16	IHH	LDLR knockout	USA:CA:San Diego	mouse	Mus musculus	Mouse 17	10090	32.842	Adult	-117.258	17	UCSD LBR -80 freezer	True	Host-associated	Animal	Animal distal gut	10422	stool	mouse gut metagenome	male	410661	OSA	71.7	26.3	g	10422.17.F.13	1
142	10422.21.F.2	10.5	weeks	21-F-2	UBERON:feces	UBERON:feces	UBERON:feces	In chamber	6	2016-02-19 10:00	feces mouse 21 collection 2 of 13	HFD	True	12/8/16	193	Host-associated	Animal	Animal distal gut	urban biome	animal-associated habitat	feces	host-associated	6 weeks	2/16/16	IHH	LDLR knockout	USA:CA:San Diego	mouse	Mus musculus	Mouse 21	10090	32.842	Adult	-117.258	21	UCSD LBR -80 freezer	True	Host-associated	Animal	Animal distal gut	10422	stool	mouse gut metagenome	male	410661	OSA	Missing: Not provided	25.2	g	10422.21.F.2	1
143	10422.19.F.11	15.0	weeks	19-F-11	UBERON:feces	UBERON:feces	UBERON:feces	In chamber	5	2016-03-22 10:00	feces mouse 19 collection 11 of 13	HFD	True	12/8/16	193	Host-associated	Animal	Animal distal gut	urban biome	animal-associated habitat	feces	host-associated	6 weeks	2/16/16	IHH	LDLR knockout	USA:CA:San Diego	mouse	Mus musculus	Mouse 19	10090	32.842	Adult	-117.258	19	UCSD LBR -80 freezer	True	Host-associated	Animal	Animal distal gut	10422	stool	mouse gut metagenome	male	410661	OSA	71.8	28.0	g	10422.19.F.11	1
144	10422.20.F.9	14.0	weeks	20-F-9	UBERON:feces	UBERON:feces	UBERON:feces	In chamber	5	2016-03-15 10:00	feces mouse 20 collection 9 of 13	HFD	True	12/8/16	193	Host-associated	Animal	Animal distal gut	urban biome	animal-associated habitat	feces	host-associated	6 weeks	2/16/16	IHH	LDLR knockout	USA:CA:San Diego	mouse	Mus musculus	Mouse 20	10090	32.842	Adult	-117.258	20	UCSD LBR -80 freezer	True	Host-associated	Animal	Animal distal gut	10422	stool	mouse gut metagenome	male	410661	OSA	73.2	25.5	g	10422.20.F.9	1
145	10422.20.F.10	14.5	weeks	20-F-10	UBERON:feces	UBERON:feces	UBERON:feces	In chamber	5	2016-03-18 10:00	feces mouse 20 collection 10 of 13	HFD	True	12/8/16	193	Host-associated	Animal	Animal distal gut	urban biome	animal-associated habitat	feces	host-associated	6 weeks	2/16/16	IHH	LDLR knockout	USA:CA:San Diego	mouse	Mus musculus	Mouse 20	10090	32.842	Adult	-117.258	20	UCSD LBR -80 freezer	True	Host-associated	Animal	Animal distal gut	10422	stool	mouse gut metagenome	male	410661	OSA	Missing: Not provided	26.0	g	10422.20.F.10	1
146	10422.24.F.2	10.5	weeks	24-F-2	UBERON:feces	UBERON:feces	UBERON:feces	In chamber	6	2016-02-19 10:00	feces mouse 24 collection 2 of 13	HFD	True	12/8/16	193	Host-associated	Animal	Animal distal gut	urban biome	animal-associated habitat	feces	host-associated	6 weeks	2/16/16	IHH	LDLR knockout	USA:CA:San Diego	mouse	Mus musculus	Mouse 24	10090	32.842	Adult	-117.258	24	UCSD LBR -80 freezer	True	Host-associated	Animal	Animal distal gut	10422	stool	mouse gut metagenome	male	410661	OSA	Missing: Not provided	26.0	g	10422.24.F.2	1
147	10422.21.F.5	12.0	weeks	21-F-5	UBERON:feces	UBERON:feces	UBERON:feces	In chamber	6	2016-03-01 10:00	feces mouse 21 collection 5 of 13	HFD	True	12/8/16	193	Host-associated	Animal	Animal distal gut	urban biome	animal-associated habitat	feces	host-associated	6 weeks	2/16/16	IHH	LDLR knockout	USA:CA:San Diego	mouse	Mus musculus	Mouse 21	10090	32.842	Adult	-117.258	21	UCSD LBR -80 freezer	True	Host-associated	Animal	Animal distal gut	10422	stool	mouse gut metagenome	male	410661	OSA	80.2	26.8	g	10422.21.F.5	1
148	10422.18.F.13	16.0	weeks	18-F-13	UBERON:feces	UBERON:feces	UBERON:feces	In chamber	5	2016-03-29 10:00	final feces mouse 18 collection 13 of 13	HFD	True	12/8/16	193	Host-associated	Animal	Animal distal gut	urban biome	animal-associated habitat	feces	host-associated	6 weeks	2/16/16	IHH	LDLR knockout	USA:CA:San Diego	mouse	Mus musculus	Mouse 18	10090	32.842	Adult	-117.258	18	UCSD LBR -80 freezer	True	Host-associated	Animal	Animal distal gut	10422	stool	mouse gut metagenome	male	410661	OSA	71.7	27.2	g	10422.18.F.13	1
149	10422.18.F.10	14.5	weeks	18-F-10	UBERON:feces	UBERON:feces	UBERON:feces	In chamber	5	2016-03-18 10:00	feces mouse 18 collection 10 of 13	HFD	True	12/8/16	193	Host-associated	Animal	Animal distal gut	urban biome	animal-associated habitat	feces	host-associated	6 weeks	2/16/16	IHH	LDLR knockout	USA:CA:San Diego	mouse	Mus musculus	Mouse 18	10090	32.842	Adult	-117.258	18	UCSD LBR -80 freezer	True	Host-associated	Animal	Animal distal gut	10422	stool	mouse gut metagenome	male	410661	OSA	Missing: Not provided	26.7	g	10422.18.F.10	1
150	10422.22.F.10	14.5	weeks	22-F-10	UBERON:feces	UBERON:feces	UBERON:feces	In chamber	6	2016-03-18 10:00	feces mouse 22 collection 10 of 13	HFD	True	12/8/16	193	Host-associated	Animal	Animal distal gut	urban biome	animal-associated habitat	feces	host-associated	6 weeks	2/16/16	IHH	LDLR knockout	USA:CA:San Diego	mouse	Mus musculus	Mouse 22	10090	32.842	Adult	-117.258	22	UCSD LBR -80 freezer	True	Host-associated	Animal	Animal distal gut	10422	stool	mouse gut metagenome	male	410661	OSA	Missing: Not provided	25.2	g	10422.22.F.10	1
151	10422.17.F.12	15.5	weeks	17-F-12	UBERON:feces	UBERON:feces	UBERON:feces	In chamber	5	2016-03-25 10:00	feces mouse 17 collection 12 of 13	HFD	True	12/8/16	193	Host-associated	Animal	Animal distal gut	urban biome	animal-associated habitat	feces	host-associated	6 weeks	2/16/16	IHH	LDLR knockout	USA:CA:San Diego	mouse	Mus musculus	Mouse 17	10090	32.842	Adult	-117.258	17	UCSD LBR -80 freezer	True	Host-associated	Animal	Animal distal gut	10422	stool	mouse gut metagenome	male	410661	OSA	Missing: Not provided	25.7	g	10422.17.F.12	1
152	10422.24.F.11	15.0	weeks	24-F-11	UBERON:feces	UBERON:feces	UBERON:feces	In chamber	6	2016-03-22 10:00	feces mouse 24 collection 11 of 13	HFD	True	12/8/16	193	Host-associated	Animal	Animal distal gut	urban biome	animal-associated habitat	feces	host-associated	6 weeks	2/16/16	IHH	LDLR knockout	USA:CA:San Diego	mouse	Mus musculus	Mouse 24	10090	32.842	Adult	-117.258	24	UCSD LBR -80 freezer	True	Host-associated	Animal	Animal distal gut	10422	stool	mouse gut metagenome	male	410661	OSA	83.4	29.0	g	10422.24.F.11	1
153	10422.20.F.3	11.0	weeks	20-F-3	UBERON:feces	UBERON:feces	UBERON:feces	In chamber	5	2016-02-23 10:00	feces mouse 20 collection 3 of 13	HFD	True	12/8/16	193	Host-associated	Animal	Animal distal gut	urban biome	animal-associated habitat	feces	host-associated	6 weeks	2/16/16	IHH	LDLR knockout	USA:CA:San Diego	mouse	Mus musculus	Mouse 20	10090	32.842	Adult	-117.258	20	UCSD LBR -80 freezer	True	Host-associated	Animal	Animal distal gut	10422	stool	mouse gut metagenome	male	410661	OSA	105.7	25.6	g	10422.20.F.3	1
154	10422.24.F.10	14.5	weeks	24-F-10	UBERON:feces	UBERON:feces	UBERON:feces	In chamber	6	2016-03-18 10:00	feces mouse 24 collection 10 of 13	HFD	True	12/8/16	193	Host-associated	Animal	Animal distal gut	urban biome	animal-associated habitat	feces	host-associated	6 weeks	2/16/16	IHH	LDLR knockout	USA:CA:San Diego	mouse	Mus musculus	Mouse 24	10090	32.842	Adult	-117.258	24	UCSD LBR -80 freezer	True	Host-associated	Animal	Animal distal gut	10422	stool	mouse gut metagenome	male	410661	OSA	Missing: Not provided	28.4	g	10422.24.F.10	1
155	10422.19.F.4	11.5	weeks	19-F-4	UBERON:feces	UBERON:feces	UBERON:feces	In chamber	5	2016-02-26 10:00	feces mouse 19 collection 4 of 13	HFD	True	12/8/16	193	Host-associated	Animal	Animal distal gut	urban biome	animal-associated habitat	feces	host-associated	6 weeks	2/16/16	IHH	LDLR knockout	USA:CA:San Diego	mouse	Mus musculus	Mouse 19	10090	32.842	Adult	-117.258	19	UCSD LBR -80 freezer	True	Host-associated	Animal	Animal distal gut	10422	stool	mouse gut metagenome	male	410661	OSA	Missing: Not provided	26.0	g	10422.19.F.4	1
156	10422.18.F.7	13.0	weeks	18-F-7	UBERON:feces	UBERON:feces	UBERON:feces	In chamber	5	2016-03-08 10:00	feces mouse 18 collection 7 of 13	HFD	True	12/8/16	193	Host-associated	Animal	Animal distal gut	urban biome	animal-associated habitat	feces	host-associated	6 weeks	2/16/16	IHH	LDLR knockout	USA:CA:San Diego	mouse	Mus musculus	Mouse 18	10090	32.842	Adult	-117.258	18	UCSD LBR -80 freezer	True	Host-associated	Animal	Animal distal gut	10422	stool	mouse gut metagenome	male	410661	OSA	65.4	26.0	g	10422.18.F.7	1
157	10422.22.F.8	13.5	weeks	22-F-8	UBERON:feces	UBERON:feces	UBERON:feces	In chamber	6	2016-03-11 10:00	feces mouse 22 collection 8 of 13	HFD	True	12/8/16	193	Host-associated	Animal	Animal distal gut	urban biome	animal-associated habitat	feces	host-associated	6 weeks	2/16/16	IHH	LDLR knockout	USA:CA:San Diego	mouse	Mus musculus	Mouse 22	10090	32.842	Adult	-117.258	22	UCSD LBR -80 freezer	True	Host-associated	Animal	Animal distal gut	10422	stool	mouse gut metagenome	male	410661	OSA	Missing: Not provided	24.6	g	10422.22.F.8	1
158	10422.17.F.9	14.0	weeks	17-F-9	UBERON:feces	UBERON:feces	UBERON:feces	In chamber	5	2016-03-15 10:00	feces mouse 17 collection 9 of 13	HFD	True	12/8/16	193	Host-associated	Animal	Animal distal gut	urban biome	animal-associated habitat	feces	host-associated	6 weeks	2/16/16	IHH	LDLR knockout	USA:CA:San Diego	mouse	Mus musculus	Mouse 17	10090	32.842	Adult	-117.258	17	UCSD LBR -80 freezer	True	Host-associated	Animal	Animal distal gut	10422	stool	mouse gut metagenome	male	410661	OSA	73.2	24.8	g	10422.17.F.9	1
159	10422.20.F.11	15.0	weeks	20-F-11	UBERON:feces	UBERON:feces	UBERON:feces	In chamber	5	2016-03-22 10:00	feces mouse 20 collection 11 of 13	HFD	True	12/8/16	193	Host-associated	Animal	Animal distal gut	urban biome	animal-associated habitat	feces	host-associated	6 weeks	2/16/16	IHH	LDLR knockout	USA:CA:San Diego	mouse	Mus musculus	Mouse 20	10090	32.842	Adult	-117.258	20	UCSD LBR -80 freezer	True	Host-associated	Animal	Animal distal gut	10422	stool	mouse gut metagenome	male	410661	OSA	71.8	26.4	g	10422.20.F.11	1
160	10422.19.F.3	11.0	weeks	19-F-3	UBERON:feces	UBERON:feces	UBERON:feces	In chamber	5	2016-02-23 10:00	feces mouse 19 collection 3 of 13	HFD	True	12/8/16	193	Host-associated	Animal	Animal distal gut	urban biome	animal-associated habitat	feces	host-associated	6 weeks	2/16/16	IHH	LDLR knockout	USA:CA:San Diego	mouse	Mus musculus	Mouse 19	10090	32.842	Adult	-117.258	19	UCSD LBR -80 freezer	True	Host-associated	Animal	Animal distal gut	10422	stool	mouse gut metagenome	male	410661	OSA	105.7	26.2	g	10422.19.F.3	1
161	10422.18.F.6	12.5	weeks	18-F-6	UBERON:feces	UBERON:feces	UBERON:feces	In chamber	5	2016-03-04 10:00	feces mouse 18 collection 6 of 13	HFD	True	12/8/16	193	Host-associated	Animal	Animal distal gut	urban biome	animal-associated habitat	feces	host-associated	6 weeks	2/16/16	IHH	LDLR knockout	USA:CA:San Diego	mouse	Mus musculus	Mouse 18	10090	32.842	Adult	-117.258	18	UCSD LBR -80 freezer	True	Host-associated	Animal	Animal distal gut	10422	stool	mouse gut metagenome	male	410661	OSA	Missing: Not provided	26.4	g	10422.18.F.6	1
162	10422.17.F.7	13.0	weeks	17-F-7	UBERON:feces	UBERON:feces	UBERON:feces	In chamber	5	2016-03-08 10:00	feces mouse 17 collection 7 of 13	HFD	True	12/8/16	193	Host-associated	Animal	Animal distal gut	urban biome	animal-associated habitat	feces	host-associated	6 weeks	2/16/16	IHH	LDLR knockout	USA:CA:San Diego	mouse	Mus musculus	Mouse 17	10090	32.842	Adult	-117.258	17	UCSD LBR -80 freezer	True	Host-associated	Animal	Animal distal gut	10422	stool	mouse gut metagenome	male	410661	OSA	65.4	24.5	g	10422.17.F.7	1
163	10422.20.F.8	13.5	weeks	20-F-8	UBERON:feces	UBERON:feces	UBERON:feces	In chamber	5	2016-03-11 10:00	feces mouse 20 collection 8 of 13	HFD	True	12/8/16	193	Host-associated	Animal	Animal distal gut	urban biome	animal-associated habitat	feces	host-associated	6 weeks	2/16/16	IHH	LDLR knockout	USA:CA:San Diego	mouse	Mus musculus	Mouse 20	10090	32.842	Adult	-117.258	20	UCSD LBR -80 freezer	True	Host-associated	Animal	Animal distal gut	10422	stool	mouse gut metagenome	male	410661	OSA	Missing: Not provided	25.4	g	10422.20.F.8	1
164	10422.19.F.6	12.5	weeks	19-F-6	UBERON:feces	UBERON:feces	UBERON:feces	In chamber	5	2016-03-04 10:00	feces mouse 19 collection 6 of 13	HFD	True	12/8/16	193	Host-associated	Animal	Animal distal gut	urban biome	animal-associated habitat	feces	host-associated	6 weeks	2/16/16	IHH	LDLR knockout	USA:CA:San Diego	mouse	Mus musculus	Mouse 19	10090	32.842	Adult	-117.258	19	UCSD LBR -80 freezer	True	Host-associated	Animal	Animal distal gut	10422	stool	mouse gut metagenome	male	410661	OSA	Missing: Not provided	26.3	g	10422.19.F.6	1
165	10422.21.F.6	12.5	weeks	21-F-6	UBERON:feces	UBERON:feces	UBERON:feces	In chamber	6	2016-03-04 10:00	feces mouse 21 collection 6 of 13	HFD	True	12/8/16	193	Host-associated	Animal	Animal distal gut	urban biome	animal-associated habitat	feces	host-associated	6 weeks	2/16/16	IHH	LDLR knockout	USA:CA:San Diego	mouse	Mus musculus	Mouse 21	10090	32.842	Adult	-117.258	21	UCSD LBR -80 freezer	True	Host-associated	Animal	Animal distal gut	10422	stool	mouse gut metagenome	male	410661	OSA	Missing: Not provided	26.6	g	10422.21.F.6	1
166	10422.24.F.7	13.0	weeks	24-F-7	UBERON:feces	UBERON:feces	UBERON:feces	In chamber	6	2016-03-08 10:00	feces mouse 24 collection 7 of 13	HFD	True	12/8/16	193	Host-associated	Animal	Animal distal gut	urban biome	animal-associated habitat	feces	host-associated	6 weeks	2/16/16	IHH	LDLR knockout	USA:CA:San Diego	mouse	Mus musculus	Mouse 24	10090	32.842	Adult	-117.258	24	UCSD LBR -80 freezer	True	Host-associated	Animal	Animal distal gut	10422	stool	mouse gut metagenome	male	410661	OSA	79.1	27.5	g	10422.24.F.7	1
167	10422.21.F.13	16.0	weeks	21-F-13	UBERON:feces	UBERON:feces	UBERON:feces	In chamber	6	2016-03-29 10:00	final feces mouse 21 collection 13 of 13	HFD	True	12/8/16	193	Host-associated	Animal	Animal distal gut	urban biome	animal-associated habitat	feces	host-associated	6 weeks	2/16/16	IHH	LDLR knockout	USA:CA:San Diego	mouse	Mus musculus	Mouse 21	10090	32.842	Adult	-117.258	21	UCSD LBR -80 freezer	True	Host-associated	Animal	Animal distal gut	10422	stool	mouse gut metagenome	male	410661	OSA	84.5	28.1	g	10422.21.F.13	1
168	10422.22.F.9	14.0	weeks	22-F-9	UBERON:feces	UBERON:feces	UBERON:feces	In chamber	6	2016-03-15 10:00	feces mouse 22 collection 9 of 13	HFD	True	12/8/16	193	Host-associated	Animal	Animal distal gut	urban biome	animal-associated habitat	feces	host-associated	6 weeks	2/16/16	IHH	LDLR knockout	USA:CA:San Diego	mouse	Mus musculus	Mouse 22	10090	32.842	Adult	-117.258	22	UCSD LBR -80 freezer	True	Host-associated	Animal	Animal distal gut	10422	stool	mouse gut metagenome	male	410661	OSA	80.9	24.5	g	10422.22.F.9	1
169	10422.20.F.4	11.5	weeks	20-F-4	UBERON:feces	UBERON:feces	UBERON:feces	In chamber	5	2016-02-26 10:00	feces mouse 20 collection 4 of 13	HFD	True	12/8/16	193	Host-associated	Animal	Animal distal gut	urban biome	animal-associated habitat	feces	host-associated	6 weeks	2/16/16	IHH	LDLR knockout	USA:CA:San Diego	mouse	Mus musculus	Mouse 20	10090	32.842	Adult	-117.258	20	UCSD LBR -80 freezer	True	Host-associated	Animal	Animal distal gut	10422	stool	mouse gut metagenome	male	410661	OSA	Missing: Not provided	25.4	g	10422.20.F.4	1
170	10422.22.F.4	11.5	weeks	22-F-4	UBERON:feces	UBERON:feces	UBERON:feces	In chamber	6	2016-02-26 10:00	feces mouse 22 collection 4 of 13	HFD	True	12/8/16	193	Host-associated	Animal	Animal distal gut	urban biome	animal-associated habitat	feces	host-associated	6 weeks	2/16/16	IHH	LDLR knockout	USA:CA:San Diego	mouse	Mus musculus	Mouse 22	10090	32.842	Adult	-117.258	22	UCSD LBR -80 freezer	True	Host-associated	Animal	Animal distal gut	10422	stool	mouse gut metagenome	male	410661	OSA	Missing: Not provided	22.8	g	10422.22.F.4	1
171	10422.24.F.6	12.5	weeks	24-F-6	UBERON:feces	UBERON:feces	UBERON:feces	In chamber	6	2016-03-04 10:00	feces mouse 24 collection 6 of 13	HFD	True	12/8/16	193	Host-associated	Animal	Animal distal gut	urban biome	animal-associated habitat	feces	host-associated	6 weeks	2/16/16	IHH	LDLR knockout	USA:CA:San Diego	mouse	Mus musculus	Mouse 24	10090	32.842	Adult	-117.258	24	UCSD LBR -80 freezer	True	Host-associated	Animal	Animal distal gut	10422	stool	mouse gut metagenome	male	410661	OSA	Missing: Not provided	27.4	g	10422.24.F.6	1
172	10422.19.F.12	15.5	weeks	19-F-12	UBERON:feces	UBERON:feces	UBERON:feces	In chamber	5	2016-03-25 10:00	feces mouse 19 collection 12 of 13	HFD	True	12/8/16	193	Host-associated	Animal	Animal distal gut	urban biome	animal-associated habitat	feces	host-associated	6 weeks	2/16/16	IHH	LDLR knockout	USA:CA:San Diego	mouse	Mus musculus	Mouse 19	10090	32.842	Adult	-117.258	19	UCSD LBR -80 freezer	True	Host-associated	Animal	Animal distal gut	10422	stool	mouse gut metagenome	male	410661	OSA	Missing: Not provided	28.0	g	10422.19.F.12	1
173	10422.21.F.3	11.0	weeks	21-F-3	UBERON:feces	UBERON:feces	UBERON:feces	In chamber	6	2016-02-23 10:00	feces mouse 21 collection 3 of 13	HFD	True	12/8/16	193	Host-associated	Animal	Animal distal gut	urban biome	animal-associated habitat	feces	host-associated	6 weeks	2/16/16	IHH	LDLR knockout	USA:CA:San Diego	mouse	Mus musculus	Mouse 21	10090	32.842	Adult	-117.258	21	UCSD LBR -80 freezer	True	Host-associated	Animal	Animal distal gut	10422	stool	mouse gut metagenome	male	410661	OSA	109.5	26.5	g	10422.21.F.3	1
174	10422.20.F.1	10.0	weeks	20-F-1	UBERON:feces	UBERON:feces	UBERON:feces	In chamber	5	2016-02-16 10:00	baseline feces mouse 20 collection 1 of 13	HFD	True	12/8/16	193	Host-associated	Animal	Animal distal gut	urban biome	animal-associated habitat	feces	host-associated	6 weeks	2/16/16	IHH	LDLR knockout	USA:CA:San Diego	mouse	Mus musculus	Mouse 20	10090	32.842	Adult	-117.258	20	UCSD LBR -80 freezer	True	Host-associated	Animal	Animal distal gut	10422	stool	mouse gut metagenome	male	410661	OSA	Not applicable	23.9	g	10422.20.F.1	1
175	10422.22.F.11	15.0	weeks	22-F-11	UBERON:feces	UBERON:feces	UBERON:feces	In chamber	6	2016-03-22 10:00	feces mouse 22 collection 11 of 13	HFD	True	12/8/16	193	Host-associated	Animal	Animal distal gut	urban biome	animal-associated habitat	feces	host-associated	6 weeks	2/16/16	IHH	LDLR knockout	USA:CA:San Diego	mouse	Mus musculus	Mouse 22	10090	32.842	Adult	-117.258	22	UCSD LBR -80 freezer	True	Host-associated	Animal	Animal distal gut	10422	stool	mouse gut metagenome	male	410661	OSA	83.4	25.6	g	10422.22.F.11	1
176	10422.18.F.11	15.0	weeks	18-F-11	UBERON:feces	UBERON:feces	UBERON:feces	In chamber	5	2016-03-22 10:00	feces mouse 18 collection 11 of 13	HFD	True	12/8/16	193	Host-associated	Animal	Animal distal gut	urban biome	animal-associated habitat	feces	host-associated	6 weeks	2/16/16	IHH	LDLR knockout	USA:CA:San Diego	mouse	Mus musculus	Mouse 18	10090	32.842	Adult	-117.258	18	UCSD LBR -80 freezer	True	Host-associated	Animal	Animal distal gut	10422	stool	mouse gut metagenome	male	410661	OSA	71.8	27.0	g	10422.18.F.11	1
177	10422.23.F.6	12.5	weeks	23-F-6	UBERON:feces	UBERON:feces	UBERON:feces	In chamber	6	2016-03-04 10:00	feces mouse 23 collection 6 of 13	HFD	True	12/8/16	193	Host-associated	Animal	Animal distal gut	urban biome	animal-associated habitat	feces	host-associated	6 weeks	2/16/16	IHH	LDLR knockout	USA:CA:San Diego	mouse	Mus musculus	Mouse 23	10090	32.842	Adult	-117.258	23	UCSD LBR -80 freezer	True	Host-associated	Animal	Animal distal gut	10422	stool	mouse gut metagenome	male	410661	OSA	Missing: Not provided	24.6	g	10422.23.F.6	1
178	10422.23.F.10	14.5	weeks	23-F-10	UBERON:feces	UBERON:feces	UBERON:feces	In chamber	6	2016-03-18 10:00	feces mouse 23 collection 10 of 13	HFD	True	12/8/16	193	Host-associated	Animal	Animal distal gut	urban biome	animal-associated habitat	feces	host-associated	6 weeks	2/16/16	IHH	LDLR knockout	USA:CA:San Diego	mouse	Mus musculus	Mouse 23	10090	32.842	Adult	-117.258	23	UCSD LBR -80 freezer	True	Host-associated	Animal	Animal distal gut	10422	stool	mouse gut metagenome	male	410661	OSA	Missing: Not provided	27.0	g	10422.23.F.10	1
179	10422.17.F.6	12.5	weeks	17-F-6	UBERON:feces	UBERON:feces	UBERON:feces	In chamber	5	2016-03-04 10:00	feces mouse 17 collection 6 of 13	HFD	True	12/8/16	193	Host-associated	Animal	Animal distal gut	urban biome	animal-associated habitat	feces	host-associated	6 weeks	2/16/16	IHH	LDLR knockout	USA:CA:San Diego	mouse	Mus musculus	Mouse 17	10090	32.842	Adult	-117.258	17	UCSD LBR -80 freezer	True	Host-associated	Animal	Animal distal gut	10422	stool	mouse gut metagenome	male	410661	OSA	Missing: Not provided	24.5	g	10422.17.F.6	1
180	10422.22.F.1	10.0	weeks	22-F-1	UBERON:feces	UBERON:feces	UBERON:feces	In chamber	6	2016-02-16 10:00	baseline feces mouse 22 collection 1 of 13	HFD	True	12/8/16	193	Host-associated	Animal	Animal distal gut	urban biome	animal-associated habitat	feces	host-associated	6 weeks	2/16/16	IHH	LDLR knockout	USA:CA:San Diego	mouse	Mus musculus	Mouse 22	10090	32.842	Adult	-117.258	22	UCSD LBR -80 freezer	True	Host-associated	Animal	Animal distal gut	10422	stool	mouse gut metagenome	male	410661	OSA	Not applicable	23.1	g	10422.22.F.1	1
181	10422.21.F.11	15.0	weeks	21-F-11	UBERON:feces	UBERON:feces	UBERON:feces	In chamber	6	2016-03-22 10:00	feces mouse 21 collection 11 of 13	HFD	True	12/8/16	193	Host-associated	Animal	Animal distal gut	urban biome	animal-associated habitat	feces	host-associated	6 weeks	2/16/16	IHH	LDLR knockout	USA:CA:San Diego	mouse	Mus musculus	Mouse 21	10090	32.842	Adult	-117.258	21	UCSD LBR -80 freezer	True	Host-associated	Animal	Animal distal gut	10422	stool	mouse gut metagenome	male	410661	OSA	83.4	27.8	g	10422.21.F.11	1
182	10422.17.F.3	11.0	weeks	17-F-3	UBERON:feces	UBERON:feces	UBERON:feces	In chamber	5	2016-02-23 10:00	feces mouse 17 collection 3 of 13	HFD	True	12/8/16	193	Host-associated	Animal	Animal distal gut	urban biome	animal-associated habitat	feces	host-associated	6 weeks	2/16/16	IHH	LDLR knockout	USA:CA:San Diego	mouse	Mus musculus	Mouse 17	10090	32.842	Adult	-117.258	17	UCSD LBR -80 freezer	True	Host-associated	Animal	Animal distal gut	10422	stool	mouse gut metagenome	male	410661	OSA	105.7	24.9	g	10422.17.F.3	1
183	10422.19.F.2	10.5	weeks	19-F-2	UBERON:feces	UBERON:feces	UBERON:feces	In chamber	5	2016-02-19 10:00	feces mouse 19 collection 2 of 13	HFD	True	12/8/16	193	Host-associated	Animal	Animal distal gut	urban biome	animal-associated habitat	feces	host-associated	6 weeks	2/16/16	IHH	LDLR knockout	USA:CA:San Diego	mouse	Mus musculus	Mouse 19	10090	32.842	Adult	-117.258	19	UCSD LBR -80 freezer	True	Host-associated	Animal	Animal distal gut	10422	stool	mouse gut metagenome	male	410661	OSA	Missing: Not provided	25.2	g	10422.19.F.2	1
